SOURCE,TARGET,TYPE,timeset
487325531,1758849346303369265,POSTED,2024-02-17T13:42:16+00:00
487325531,1757398468925005926,POSTED,2024-02-13T13:37:00+00:00
487325531,1755248077462462694,POSTED,2024-02-07T15:12:07+00:00
487325531,1755298415838167495,POSTED,2024-02-07T18:32:08+00:00
487325531,1755255471856902554,POSTED,2024-02-07T15:41:30+00:00
487325531,1755256894438936709,POSTED,2024-02-07T15:47:09+00:00
487325531,1752732465385312547,POSTED,2024-01-31T16:35:58+00:00
487325531,1752605981761032604,POSTED,2024-01-31T08:13:22+00:00
487325531,1752359481390878967,POSTED,2024-01-30T15:53:52+00:00
487325531,1751974922195202322,POSTED,2024-01-29T14:25:46+00:00
487325531,1751975539382841758,POSTED,2024-01-29T14:28:13+00:00
487325531,1751975668487692689,POSTED,2024-01-29T14:28:44+00:00
487325531,1750900697426518068,POSTED,2024-01-26T15:17:11+00:00
487325531,1750900823389884752,POSTED,2024-01-26T15:17:41+00:00
487325531,1750467825083273238,POSTED,2024-01-25T10:37:06+00:00
487325531,1750467999683748293,POSTED,2024-01-25T10:37:47+00:00
487325531,1750468499347046843,POSTED,2024-01-25T10:39:47+00:00
487325531,1747941474245722126,POSTED,2024-01-18T11:18:17+00:00
487325531,1747941789703553339,POSTED,2024-01-18T11:19:32+00:00
487325531,1747942161591435538,POSTED,2024-01-18T11:21:01+00:00
487325531,1747942473672822814,POSTED,2024-01-18T11:22:15+00:00
487325531,1747943083012932072,POSTED,2024-01-18T11:24:40+00:00
487325531,1747943445023338746,POSTED,2024-01-18T11:26:07+00:00
1322188861724909568,1759855838313734437,POSTED,2024-02-20T08:21:43+00:00
1322188861724909568,1759856297468465267,POSTED,2024-02-20T08:23:32+00:00
1322188861724909568,1759849815377051777,POSTED,2024-02-20T07:57:47+00:00
1322188861724909568,1759658489813614978,POSTED,2024-02-19T19:17:31+00:00
1322188861724909568,1758470310318207234,POSTED,2024-02-16T12:36:07+00:00
1322188861724909568,1757508414148608293,POSTED,2024-02-13T20:53:53+00:00
1322188861724909568,1755674942891298899,POSTED,2024-02-08T19:28:19+00:00
1322188861724909568,1755674803472671074,POSTED,2024-02-08T19:27:46+00:00
1322188861724909568,1755630335302230390,POSTED,2024-02-08T16:31:04+00:00
1322188861724909568,1755631779224907872,POSTED,2024-02-08T16:36:48+00:00
1322188861724909568,1755636805011968201,POSTED,2024-02-08T16:56:47+00:00
1322188861724909568,1755631453616971992,POSTED,2024-02-08T16:35:31+00:00
1322188861724909568,1755603613169434912,POSTED,2024-02-08T14:44:53+00:00
1322188861724909568,1754775263081103711,POSTED,2024-02-06T07:53:19+00:00
1322188861724909568,1754774620039680292,POSTED,2024-02-06T07:50:46+00:00
1322188861724909568,1754572485175992396,POSTED,2024-02-05T18:27:33+00:00
1322188861724909568,1754487406080729162,POSTED,2024-02-05T12:49:29+00:00
1322188861724909568,1753745036951302427,POSTED,2024-02-03T11:39:34+00:00
1322188861724909568,1753402169288479152,POSTED,2024-02-02T12:57:08+00:00
1322188861724909568,1753166004450930838,POSTED,2024-02-01T21:18:42+00:00
222893593,1745107813829902378,POSTED,2024-01-10T15:38:20+00:00
40726251,1745109212810596431,POSTED,2024-01-10T15:43:53+00:00
40726251,1745354367559938400,POSTED,2024-01-11T07:58:02+00:00
2359526718,1745107706510254208,POSTED,2024-01-10T15:37:54+00:00
2359526718,1745107708443803801,POSTED,2024-01-10T15:37:54+00:00
2359526718,1745107711002292321,POSTED,2024-01-10T15:37:55+00:00
2359526718,1745107713250431006,POSTED,2024-01-10T15:37:56+00:00
2359526718,1745107715892957620,POSTED,2024-01-10T15:37:56+00:00
2359526718,1745514701214109730,POSTED,2024-01-11T18:35:09+00:00
2359526718,1745120994904125866,POSTED,2024-01-10T16:30:42+00:00
2359526718,1745121042039787606,POSTED,2024-01-10T16:30:53+00:00
40726251,1732833801397547062,POSTED,2023-12-07T18:45:47+00:00
1448555214714413061,1730519582257934805,POSTED,2023-12-01T09:29:54+00:00
1192783021965021184,1724467358914244810,POSTED,2023-11-14T16:40:32+00:00
1192783021965021184,1724467663148093931,POSTED,2023-11-14T16:41:44+00:00
1192783021965021184,1724468038882230667,POSTED,2023-11-14T16:43:14+00:00
1192783021965021184,1724468627053674645,POSTED,2023-11-14T16:45:34+00:00
1192783021965021184,1724469048602136851,POSTED,2023-11-14T16:47:14+00:00
1192783021965021184,1724469332971856212,POSTED,2023-11-14T16:48:22+00:00
470460837,1749701858011079114,POSTED,2024-01-23T07:53:25+00:00
470460837,1749797940577632540,POSTED,2024-01-23T14:15:13+00:00
470460837,1748010957622661470,POSTED,2024-01-18T15:54:23+00:00
470460837,1748003260013613364,POSTED,2024-01-18T15:23:48+00:00
3086239053,1747516988337881458,POSTED,2024-01-17T07:11:31+00:00
3086239053,1747547341383487600,POSTED,2024-01-17T09:12:08+00:00
3086239053,1747606228002275828,POSTED,2024-01-17T13:06:08+00:00
3086239053,1747548521442504990,POSTED,2024-01-17T09:16:50+00:00
470460837,1745107881832202670,POSTED,2024-01-10T15:38:36+00:00
470460837,1744993967819657661,POSTED,2024-01-10T08:05:57+00:00
470460837,1745069943832363148,POSTED,2024-01-10T13:07:51+00:00
470460837,1744993969640005679,POSTED,2024-01-10T08:05:57+00:00
470460837,1744993972609589519,POSTED,2024-01-10T08:05:58+00:00
470460837,1744993975348383966,POSTED,2024-01-10T08:05:58+00:00
470460837,1744829610930360357,POSTED,2024-01-09T21:12:51+00:00
470460837,1744380776446132247,POSTED,2024-01-08T15:29:20+00:00
470460837,1744380204661801034,POSTED,2024-01-08T15:27:04+00:00
470460837,1737429461815984130,POSTED,2023-12-20T11:07:18+00:00
716071032,1735401221719281955,POSTED,2023-12-14T20:47:48+00:00
716071032,1735700793095848306,POSTED,2023-12-15T16:38:11+00:00
716071032,1736165187273605629,POSTED,2023-12-16T23:23:31+00:00
716071032,1732809725954109853,POSTED,2023-12-07T17:10:07+00:00
716071032,1735732583839781333,POSTED,2023-12-15T18:44:30+00:00
716071032,1735701332206526659,POSTED,2023-12-15T16:40:20+00:00
716071032,1735730623778533733,POSTED,2023-12-15T18:36:43+00:00
716071032,1735705998625513868,POSTED,2023-12-15T16:58:52+00:00
716071032,1735705409418056117,POSTED,2023-12-15T16:56:32+00:00
716071032,1735702217351430474,POSTED,2023-12-15T16:43:51+00:00
716071032,1735701917920071972,POSTED,2023-12-15T16:42:39+00:00
716071032,1735701770221826481,POSTED,2023-12-15T16:42:04+00:00
716071032,1735557603986411669,POSTED,2023-12-15T07:09:12+00:00
716071032,1733131839483588919,POSTED,2023-12-08T14:30:05+00:00
716071032,1733131527989441004,POSTED,2023-12-08T14:28:50+00:00
716071032,1732784339597791506,POSTED,2023-12-07T15:29:14+00:00
1449828837177626628,1713454146366423257,POSTED,2023-10-15T07:17:57+00:00
1449828837177626628,1684644778644832257,POSTED,2023-07-27T19:19:49+00:00
1449828837177626628,1682106328859176962,POSTED,2023-07-20T19:12:55+00:00
1449828837177626628,1675034814271946752,POSTED,2023-07-01T06:53:15+00:00
1449828837177626628,1654975241167175681,POSTED,2023-05-06T22:23:40+00:00
1449828837177626628,1640782442805035008,POSTED,2023-03-28T18:26:33+00:00
144519396,1712769598322270305,POSTED,2023-10-13T09:57:48+00:00
144519396,1458169212237668370,POSTED,2021-11-09T20:26:46+00:00
222893593,1749341974488912033,POSTED,2024-01-22T08:03:22+00:00
144519396,1748393314590548204,POSTED,2024-01-19T17:13:44+00:00
144519396,1745825936883237310,POSTED,2024-01-12T15:11:53+00:00
144519396,1745825938879697381,POSTED,2024-01-12T15:11:54+00:00
144519396,1745825940687462507,POSTED,2024-01-12T15:11:54+00:00
144519396,1745825942499455090,POSTED,2024-01-12T15:11:55+00:00
144519396,1745825944340763028,POSTED,2024-01-12T15:11:55+00:00
144519396,1735660822402158744,POSTED,2023-12-15T13:59:21+00:00
724518816584183808,1735315504594641118,POSTED,2023-12-14T15:07:11+00:00
724518816584183808,1654016229340790784,POSTED,2023-05-04T06:52:53+00:00
724518816584183808,1621084035022741504,POSTED,2023-02-02T09:52:06+00:00
724518816584183808,1600913892737445888,POSTED,2022-12-08T18:03:10+00:00
1376532429821841411,1579797630926061568,POSTED,2022-10-11T11:34:41+00:00
724518816584183808,1547618325210927105,POSTED,2022-07-14T16:25:36+00:00
724518816584183808,1534906457728090112,POSTED,2022-06-09T14:33:11+00:00
724518816584183808,1468220972348100615,POSTED,2021-12-07T14:08:52+00:00
724518816584183808,1468209175931109380,POSTED,2021-12-07T13:22:00+00:00
724518816584183808,1448672308273504258,POSTED,2021-10-14T15:29:27+00:00
724518816584183808,1415688496182960129,POSTED,2021-07-15T15:03:34+00:00
724518816584183808,1415659946193133571,POSTED,2021-07-15T13:10:07+00:00
724518816584183808,1415657932524560389,POSTED,2021-07-15T13:02:07+00:00
724518816584183808,1415353715243077633,POSTED,2021-07-14T16:53:16+00:00
724518816584183808,1415352380875583494,POSTED,2021-07-14T16:47:58+00:00
40726251,1747915141520248843,POSTED,2024-01-18T09:33:39+00:00
40726251,1745770009144553669,POSTED,2024-01-12T11:29:39+00:00
40726251,1745744858734575825,POSTED,2024-01-12T09:49:43+00:00
1450879699,1749697724528705863,POSTED,2024-01-23T07:36:59+00:00
1450879699,1747294840339980399,POSTED,2024-01-16T16:28:47+00:00
1450879699,1733536955105677522,POSTED,2023-12-09T17:19:52+00:00
1376532429821841411,1731715052221124877,POSTED,2023-12-04T16:40:16+00:00
1376532429821841411,1658498470339125252,POSTED,2023-05-16T15:43:43+00:00
3086239053,1600112718198894592,POSTED,2022-12-06T12:59:35+00:00
3086239053,1600131702780620800,POSTED,2022-12-06T14:15:01+00:00
1376532429821841411,1579799689092005889,POSTED,2022-10-11T11:42:51+00:00
1376532429821841411,1578026631607701504,POSTED,2022-10-06T14:17:21+00:00
1376532429821841411,1578101060354248705,POSTED,2022-10-06T19:13:07+00:00
1376532429821841411,1578091980449513484,POSTED,2022-10-06T18:37:02+00:00
1376532429821841411,1578090322382422030,POSTED,2022-10-06T18:30:27+00:00
1376532429821841411,1578089891371548679,POSTED,2022-10-06T18:28:44+00:00
1192783021965021184,1547220060003094529,POSTED,2022-07-13T14:03:02+00:00
1376532429821841411,1542140200326946817,POSTED,2022-06-29T13:37:29+00:00
1376532429821841411,1542140203405639682,POSTED,2022-06-29T13:37:30+00:00
1376532429821841411,1542140207046213633,POSTED,2022-06-29T13:37:31+00:00
1376532429821841411,1542140209898323974,POSTED,2022-06-29T13:37:32+00:00
1376532429821841411,1542152042717773824,POSTED,2022-06-29T14:24:33+00:00
1376532429821841411,1542185557983379457,POSTED,2022-06-29T16:37:44+00:00
1376532429821841411,1542140213216088064,POSTED,2022-06-29T13:37:33+00:00
1376532429821841411,1542140216085024768,POSTED,2022-06-29T13:37:33+00:00
2359526718,1749869857611395111,POSTED,2024-01-23T19:00:59+00:00
2359526718,1749340239565341060,POSTED,2024-01-22T07:56:28+00:00
2359526718,1749345310990594060,POSTED,2024-01-22T08:16:38+00:00
2359526718,1749358947528581144,POSTED,2024-01-22T09:10:49+00:00
2359526718,1749357194703757628,POSTED,2024-01-22T09:03:51+00:00
2359526718,1744763139931996615,POSTED,2024-01-09T16:48:43+00:00
2359526718,1745477235320946708,POSTED,2024-01-11T16:06:16+00:00
2359526718,1745476699234406733,POSTED,2024-01-11T16:04:09+00:00
2359526718,1745476480245617044,POSTED,2024-01-11T16:03:16+00:00
2359526718,1745476356291399734,POSTED,2024-01-11T16:02:47+00:00
716071032,1727765207378759826,POSTED,2023-11-23T19:05:00+00:00
40726251,1725558478737977435,POSTED,2023-11-17T16:56:15+00:00
40726251,1725630949155602654,POSTED,2023-11-17T21:44:13+00:00
1192783021965021184,1714970420644921777,POSTED,2023-10-19T11:43:05+00:00
144519396,1671438192300507136,POSTED,2023-06-21T08:41:33+00:00
222893593,1747161606604124404,POSTED,2024-01-16T07:39:22+00:00
1535959693,408319670702178304,POSTED,2013-12-04T19:39:30+00:00
3086239053,1373995588040134660,POSTED,2021-03-22T13:50:50+00:00
3086239053,1747702246811283739,POSTED,2024-01-17T19:27:41+00:00
3086239053,1747981013924323512,POSTED,2024-01-18T13:55:24+00:00
3086239053,1747613542650409166,POSTED,2024-01-17T13:35:12+00:00
3086239053,1746983425733509292,POSTED,2024-01-15T19:51:20+00:00
3086239053,1745725386749624369,POSTED,2024-01-12T08:32:20+00:00
3086239053,1745455207071523185,POSTED,2024-01-11T14:38:45+00:00
1085994108,1739955392422019345,POSTED,2023-12-27T10:24:27+00:00
1085994108,1739914122207109537,POSTED,2023-12-27T07:40:27+00:00
1085994108,1739914124652409184,POSTED,2023-12-27T07:40:28+00:00
1085994108,1739914127034683885,POSTED,2023-12-27T07:40:28+00:00
1085994108,1736691737580450042,POSTED,2023-12-18T10:15:51+00:00
1085994108,1735362444225052748,POSTED,2023-12-14T18:13:42+00:00
1322188861724909568,1750117664578527608,POSTED,2024-01-24T11:25:41+00:00
1322188861724909568,1750428692608622805,POSTED,2024-01-25T08:01:36+00:00
1322188861724909568,1750112127396806672,POSTED,2024-01-24T11:03:41+00:00
1322188861724909568,1750081461040873710,POSTED,2024-01-24T09:01:49+00:00
1322188861724909568,1745193797045133479,POSTED,2024-01-10T21:20:00+00:00
1322188861724909568,1745350706045825096,POSTED,2024-01-11T07:43:30+00:00
1322188861724909568,1744992680122392595,POSTED,2024-01-10T08:00:49+00:00
1322188861724909568,1745048610478178783,POSTED,2024-01-10T11:43:04+00:00
1322188861724909568,1745051031778558403,POSTED,2024-01-10T11:52:42+00:00
1322188861724909568,1745028872091955353,POSTED,2024-01-10T10:24:38+00:00
1322188861724909568,1737834011739988147,POSTED,2023-12-21T13:54:50+00:00
1322188861724909568,1735364792271982845,POSTED,2023-12-14T18:23:02+00:00
1192783021965021184,1750095702355591619,POSTED,2024-01-24T09:58:25+00:00
1192783021965021184,1748451543081267362,POSTED,2024-01-19T21:05:07+00:00
1192783021965021184,1747718540700909728,POSTED,2024-01-17T20:32:25+00:00
1192783021965021184,1747286263827255698,POSTED,2024-01-16T15:54:42+00:00
1192783021965021184,1744729432965951511,POSTED,2024-01-09T14:34:46+00:00
1192783021965021184,1734526353104351447,POSTED,2023-12-12T10:51:23+00:00
1192783021965021184,1734465541320884241,POSTED,2023-12-12T06:49:44+00:00
1192783021965021184,1734153134556000314,POSTED,2023-12-11T10:08:20+00:00
1192783021965021184,1734153287270584498,POSTED,2023-12-11T10:08:57+00:00
1192783021965021184,1734153437405741412,POSTED,2023-12-11T10:09:33+00:00
1192783021965021184,1734204504319394230,POSTED,2023-12-11T13:32:28+00:00
1192783021965021184,1734153627478950258,POSTED,2023-12-11T10:10:18+00:00
1192783021965021184,1734153825986957652,POSTED,2023-12-11T10:11:05+00:00
222893593,1749493763301412904,POSTED,2024-01-22T18:06:31+00:00
222893593,1749480683817316487,POSTED,2024-01-22T17:14:33+00:00
222893593,1747680750428627157,POSTED,2024-01-17T18:02:15+00:00
222893593,1747307705872654758,POSTED,2024-01-16T17:19:55+00:00
222893593,1747206615810355407,POSTED,2024-01-16T10:38:13+00:00
222893593,1747191876153680284,POSTED,2024-01-16T09:39:39+00:00
222893593,1746856263898525760,POSTED,2024-01-15T11:26:02+00:00
222893593,1737492227247480937,POSTED,2023-12-20T15:16:42+00:00
64506745,1749367119869854072,POSTED,2024-01-22T09:43:17+00:00
64506745,1748032138149003739,POSTED,2024-01-18T17:18:33+00:00
64506745,1747281603129188675,POSTED,2024-01-16T15:36:11+00:00
64506745,1747253588911673734,POSTED,2024-01-16T13:44:52+00:00
64506745,1747207422014324800,POSTED,2024-01-16T10:41:25+00:00
64506745,1747250295896158440,POSTED,2024-01-16T13:31:47+00:00
64506745,1747249583476834567,POSTED,2024-01-16T13:28:57+00:00
64506745,1747201526924210323,POSTED,2024-01-16T10:18:00+00:00
64506745,1747248926778921330,POSTED,2024-01-16T13:26:21+00:00
487325531,1746936921140367591,POSTED,2024-01-15T16:46:33+00:00
487325531,1746938589273858253,POSTED,2024-01-15T16:53:10+00:00
487325531,1746937271943565498,POSTED,2024-01-15T16:47:56+00:00
487325531,1742950857581228076,POSTED,2024-01-04T16:47:21+00:00
487325531,1736677698309586950,POSTED,2023-12-18T09:20:03+00:00
487325531,1736011873076613336,POSTED,2023-12-16T13:14:18+00:00
2359526718,1729817669556171141,POSTED,2023-11-29T11:00:45+00:00
2359526718,1729818068283429144,POSTED,2023-11-29T11:02:20+00:00
2359526718,1729898945063559219,POSTED,2023-11-29T16:23:43+00:00
2359526718,1729899105785155681,POSTED,2023-11-29T16:24:21+00:00
487325531,1729204870174134481,POSTED,2023-11-27T18:25:42+00:00
487325531,1729204952265007279,POSTED,2023-11-27T18:26:02+00:00
487325531,1729205009987064035,POSTED,2023-11-27T18:26:16+00:00
487325531,1729205058150244401,POSTED,2023-11-27T18:26:27+00:00
487325531,1727781590334390756,POSTED,2023-11-23T20:10:06+00:00
470460837,1750417465056559427,POSTED,2024-01-25T07:16:59+00:00
470460837,1750442031644582068,POSTED,2024-01-25T08:54:36+00:00
470460837,1750460913969234156,POSTED,2024-01-25T10:09:38+00:00
470460837,1750460642396356718,POSTED,2024-01-25T10:08:33+00:00
470460837,1750458527091491096,POSTED,2024-01-25T10:00:09+00:00
470460837,1750459148922233248,POSTED,2024-01-25T10:02:37+00:00
470460837,1750459404162404616,POSTED,2024-01-25T10:03:38+00:00
470460837,1750425788694900767,POSTED,2024-01-25T07:50:04+00:00
470460837,1750417665187794964,POSTED,2024-01-25T07:17:47+00:00
470460837,1750203420177285126,POSTED,2024-01-24T17:06:27+00:00
40726251,1750424467287756913,POSTED,2024-01-25T07:44:48+00:00
470460837,1750622561463935333,POSTED,2024-01-25T20:51:58+00:00
470460837,1750552706765279341,POSTED,2024-01-25T16:14:23+00:00
1322188861724909568,1750796228894372146,POSTED,2024-01-26T08:22:03+00:00
1322188861724909568,1750797988539052113,POSTED,2024-01-26T08:29:03+00:00
1322188861724909568,1750795872198123854,POSTED,2024-01-26T08:20:38+00:00
1322188861724909568,1750794618759692463,POSTED,2024-01-26T08:15:39+00:00
1322188861724909568,1750644536332964285,POSTED,2024-01-25T22:19:17+00:00
64506745,1750589966864863238,POSTED,2024-01-25T18:42:27+00:00
144519396,1750867886858527024,POSTED,2024-01-26T13:06:48+00:00
144519396,1750867888586518876,POSTED,2024-01-26T13:06:48+00:00
64506745,1750941360985698750,POSTED,2024-01-26T17:58:46+00:00
470460837,1750958553119019326,POSTED,2024-01-26T19:07:04+00:00
1322188861724909568,1750863085760368871,POSTED,2024-01-26T12:47:43+00:00
1322188861724909568,1750849742202978359,POSTED,2024-01-26T11:54:42+00:00
1322188861724909568,1750851515017838598,POSTED,2024-01-26T12:01:45+00:00
1322188861724909568,1750850630275461526,POSTED,2024-01-26T11:58:14+00:00
1322188861724909568,1750826145887477777,POSTED,2024-01-26T10:20:56+00:00
2359526718,1750867934845534296,POSTED,2024-01-26T13:06:59+00:00
2359526718,1751906691652653101,POSTED,2024-01-29T09:54:38+00:00
3086239053,1750858767871181284,POSTED,2024-01-26T12:30:34+00:00
40726251,1751168223205085568,POSTED,2024-01-27T09:00:14+00:00
470460837,1751183331922756025,POSTED,2024-01-27T10:00:16+00:00
64506745,1751232578571341884,POSTED,2024-01-27T13:15:57+00:00
64506745,1751240857850642460,POSTED,2024-01-27T13:48:51+00:00
64506745,1751243442208813111,POSTED,2024-01-27T13:59:07+00:00
64506745,1751393066089316389,POSTED,2024-01-27T23:53:40+00:00
64506745,1751391950484205839,POSTED,2024-01-27T23:49:14+00:00
64506745,1751302592422941032,POSTED,2024-01-27T17:54:10+00:00
64506745,1751620916079943833,POSTED,2024-01-28T14:59:04+00:00
1322188861724909568,1751522427039891866,POSTED,2024-01-28T08:27:42+00:00
470460837,1751878328162607548,POSTED,2024-01-29T08:01:56+00:00
1192783021965021184,1751910202520084892,POSTED,2024-01-29T10:08:35+00:00
64506745,1751665473970749737,POSTED,2024-01-28T17:56:08+00:00
64506745,1751904893860786270,POSTED,2024-01-29T09:47:30+00:00
2359526718,1751891122027184404,POSTED,2024-01-29T08:52:46+00:00
2359526718,1751904360110432622,POSTED,2024-01-29T09:45:22+00:00
2359526718,1751914514918834193,POSTED,2024-01-29T10:25:44+00:00
1322188861724909568,1751924510444454094,POSTED,2024-01-29T11:05:27+00:00
1322188861724909568,1751900528877904175,POSTED,2024-01-29T09:30:09+00:00
1322188861724909568,1752239184863969514,POSTED,2024-01-30T07:55:51+00:00
1322188861724909568,1751922887462625431,POSTED,2024-01-29T10:59:00+00:00
1322188861724909568,1751908045733400741,POSTED,2024-01-29T10:00:01+00:00
1322188861724909568,1751901318610899386,POSTED,2024-01-29T09:33:17+00:00
1322188861724909568,1751948336725156041,POSTED,2024-01-29T12:40:07+00:00
40726251,1752252408028184616,POSTED,2024-01-30T08:48:24+00:00
470460837,1752331001508868432,POSTED,2024-01-30T14:00:42+00:00
470460837,1752330094884909563,POSTED,2024-01-30T13:57:05+00:00
470460837,1752057450264408539,POSTED,2024-01-29T19:53:42+00:00
470460837,1752053725928079825,POSTED,2024-01-29T19:38:54+00:00
222893593,1752624601446646251,POSTED,2024-01-31T09:27:21+00:00
2359526718,1752695098201239611,POSTED,2024-01-31T14:07:29+00:00
2359526718,1752603939814474159,POSTED,2024-01-31T08:05:15+00:00
2359526718,1752430922878615922,POSTED,2024-01-30T20:37:45+00:00
1085994108,1752229137656234150,POSTED,2024-01-30T07:15:55+00:00
1192783021965021184,1752610641179713676,POSTED,2024-01-31T08:31:53+00:00
144519396,1752737954064216512,POSTED,2024-01-31T16:57:47+00:00
144519396,1752598399986069615,POSTED,2024-01-31T07:43:14+00:00
144519396,1752367254165918017,POSTED,2024-01-30T16:24:45+00:00
222893593,1752628673260196131,POSTED,2024-01-31T09:43:32+00:00
64506745,1752746788212117973,POSTED,2024-01-31T17:32:53+00:00
64506745,1752672948559712677,POSTED,2024-01-31T12:39:28+00:00
64506745,1752699621510697006,POSTED,2024-01-31T14:25:28+00:00
64506745,1751945816246288755,POSTED,2024-01-29T12:30:06+00:00
64506745,1752782576119337340,POSTED,2024-01-31T19:55:05+00:00
1322188861724909568,1752630476919955876,POSTED,2024-01-31T09:50:42+00:00
1322188861724909568,1752630478551564756,POSTED,2024-01-31T09:50:43+00:00
1448555214714413061,1752737250922618895,POSTED,2024-01-31T16:54:59+00:00
3086239053,1753053730226713004,POSTED,2024-02-01T13:52:34+00:00
3086239053,1753049531048956056,POSTED,2024-02-01T13:35:52+00:00
470460837,1753070445807714386,POSTED,2024-02-01T14:58:59+00:00
470460837,1753070448127139932,POSTED,2024-02-01T14:58:59+00:00
1085994108,1753103396822016447,POSTED,2024-02-01T17:09:55+00:00
1085994108,1753058916500463703,POSTED,2024-02-01T14:13:10+00:00
144519396,1753385686399418681,POSTED,2024-02-02T11:51:38+00:00
2359526718,1753370818887729577,POSTED,2024-02-02T10:52:33+00:00
2359526718,1753735138142200209,POSTED,2024-02-03T11:00:14+00:00
2359526718,1753734943497224318,POSTED,2024-02-03T10:59:28+00:00
2359526718,1753735287522332730,POSTED,2024-02-03T11:00:50+00:00
2359526718,1753937230681223662,POSTED,2024-02-04T00:23:17+00:00
1085994108,1754449907706949646,POSTED,2024-02-05T10:20:28+00:00
64506745,1754527846276456933,POSTED,2024-02-05T15:30:10+00:00
40726251,1754446497892942126,POSTED,2024-02-05T10:06:55+00:00
40726251,1754170537746497795,POSTED,2024-02-04T15:50:21+00:00
40726251,1754159101125288359,POSTED,2024-02-04T15:04:55+00:00
64506745,1746104185500664105,POSTED,2024-01-13T09:37:33+00:00
64506745,1754774816735854670,POSTED,2024-02-06T07:51:33+00:00
470460837,1754824987003752621,POSTED,2024-02-06T11:10:54+00:00
470460837,1754823697762852985,POSTED,2024-02-06T11:05:47+00:00
470460837,1754770586817945835,POSTED,2024-02-06T07:34:44+00:00
470460837,1754770806800802060,POSTED,2024-02-06T07:35:37+00:00
1450879699,1754889921381179569,POSTED,2024-02-06T15:28:56+00:00
1192783021965021184,1754816361862197682,POSTED,2024-02-06T10:36:38+00:00
1192783021965021184,1754826157340360739,POSTED,2024-02-06T11:15:33+00:00
1085994108,1755109717783801884,POSTED,2024-02-07T06:02:19+00:00
1085994108,1755109720187158772,POSTED,2024-02-07T06:02:20+00:00
470460837,1755214181001769382,POSTED,2024-02-07T12:57:25+00:00
470460837,1755126192393375973,POSTED,2024-02-07T07:07:47+00:00
1450879699,1755206043372494917,POSTED,2024-02-07T12:25:05+00:00
222893593,1755224360506273837,POSTED,2024-02-07T13:37:52+00:00
222893593,1755266301277188304,POSTED,2024-02-07T16:24:32+00:00
222893593,1755226165147480113,POSTED,2024-02-07T13:45:02+00:00
1085994108,1755231301936812403,POSTED,2024-02-07T14:05:27+00:00
64506745,1755257475836576236,POSTED,2024-02-07T15:49:28+00:00
64506745,1755237078659461294,POSTED,2024-02-07T14:28:24+00:00
144519396,1760242368383520794,POSTED,2024-02-21T09:57:39+00:00
470460837,1755495550873423997,POSTED,2024-02-08T07:35:29+00:00
40726251,1755265173584068676,POSTED,2024-02-07T16:20:03+00:00
40726251,1755521800715301318,POSTED,2024-02-08T09:19:47+00:00
40726251,1755301302827942357,POSTED,2024-02-07T18:43:37+00:00
2359526718,1755585112199115080,POSTED,2024-02-08T13:31:22+00:00
470460837,1755670156867498356,POSTED,2024-02-08T19:09:18+00:00
222893593,1755885722962165810,POSTED,2024-02-09T09:25:53+00:00
1450879699,1755946162488476159,POSTED,2024-02-09T13:26:03+00:00
64506745,1755556426825503028,POSTED,2024-02-08T11:37:23+00:00
1192783021965021184,1755970620402081918,POSTED,2024-02-09T15:03:14+00:00
1192783021965021184,1755616340289986572,POSTED,2024-02-08T15:35:27+00:00
64506745,1755984180867948607,POSTED,2024-02-09T15:57:07+00:00
716071032,1756048251982074077,POSTED,2024-02-09T20:11:43+00:00
716071032,1756441042092441882,POSTED,2024-02-10T22:12:32+00:00
40726251,1756327157876347111,POSTED,2024-02-10T14:40:00+00:00
2359526718,1756652632683282501,POSTED,2024-02-11T12:13:19+00:00
2359526718,1756678795405263108,POSTED,2024-02-11T13:57:16+00:00
2359526718,1756693447640039738,POSTED,2024-02-11T14:55:30+00:00
2359526718,1756693275761578276,POSTED,2024-02-11T14:54:49+00:00
2359526718,1756680105668030685,POSTED,2024-02-11T14:02:29+00:00
2359526718,1756679409665184005,POSTED,2024-02-11T13:59:43+00:00
3086239053,1756937421873123761,POSTED,2024-02-12T07:04:58+00:00
3086239053,1756970107719299361,POSTED,2024-02-12T09:14:51+00:00
3086239053,1756942943313613204,POSTED,2024-02-12T07:26:54+00:00
3086239053,1756961723372777729,POSTED,2024-02-12T08:41:32+00:00
3086239053,1756995302786023805,POSTED,2024-02-12T10:54:58+00:00
1450879699,1756644730178240865,POSTED,2024-02-11T11:41:55+00:00
1450879699,1756652125361234417,POSTED,2024-02-11T12:11:18+00:00
64506745,1756689827204907500,POSTED,2024-02-11T14:41:07+00:00
64506745,1756948201595126210,POSTED,2024-02-12T07:47:48+00:00
64506745,1756724627408142450,POSTED,2024-02-11T16:59:24+00:00
3086239053,1757365829211926623,POSTED,2024-02-13T11:27:18+00:00
40726251,1757531600881848500,POSTED,2024-02-13T22:26:01+00:00
470460837,1757677343638773797,POSTED,2024-02-14T08:05:09+00:00
2359526718,1757434365146018068,POSTED,2024-02-13T15:59:38+00:00
2359526718,1757489400533991696,POSTED,2024-02-13T19:38:20+00:00
64506745,1758080442610127218,POSTED,2024-02-15T10:46:55+00:00
2359526718,1758171461569724455,POSTED,2024-02-15T16:48:36+00:00
2359526718,1758212532148289675,POSTED,2024-02-15T19:31:48+00:00
2359526718,1758172134294040785,POSTED,2024-02-15T16:51:16+00:00
40726251,1758519943132270886,POSTED,2024-02-16T15:53:20+00:00
40726251,1758776331716673627,POSTED,2024-02-17T08:52:08+00:00
40726251,1758501319919251715,POSTED,2024-02-16T14:39:20+00:00
64506745,1758512718863020451,POSTED,2024-02-16T15:24:38+00:00
64506745,1758506650200158446,POSTED,2024-02-16T15:00:31+00:00
1450879699,1758893343336001656,POSTED,2024-02-17T16:37:06+00:00
64506745,1758860396826329105,POSTED,2024-02-17T14:26:11+00:00
64506745,1758877851435110577,POSTED,2024-02-17T15:35:32+00:00
64506745,1760654281416253926,POSTED,2024-02-22T13:14:26+00:00
64506745,1760415345364308262,POSTED,2024-02-21T21:24:59+00:00
64506745,1759883878603346189,POSTED,2024-02-20T10:13:08+00:00
64506745,1759874881561243950,POSTED,2024-02-20T09:37:23+00:00
64506745,1759716400770191404,POSTED,2024-02-19T23:07:38+00:00
64506745,1758858844212449580,POSTED,2024-02-17T14:20:01+00:00
64506745,1758526394470904258,POSTED,2024-02-16T16:18:58+00:00
64506745,1758515663172182116,POSTED,2024-02-16T15:36:20+00:00
64506745,1758507585790267576,POSTED,2024-02-16T15:04:14+00:00
64506745,1756688678959603799,POSTED,2024-02-11T14:36:33+00:00
64506745,1756057228082094291,POSTED,2024-02-09T20:47:23+00:00
64506745,1756056834916442515,POSTED,2024-02-09T20:45:50+00:00
144519396,1760681077155442866,POSTED,2024-02-22T15:00:55+00:00
144519396,1755228377785475194,POSTED,2024-02-07T13:53:50+00:00
144519396,1754450602938048747,POSTED,2024-02-05T10:23:14+00:00
144519396,1753197980910260236,POSTED,2024-02-01T23:25:46+00:00
144519396,1753100995591377147,POSTED,2024-02-01T17:00:23+00:00
144519396,1752667026165039152,POSTED,2024-01-31T12:15:56+00:00
144519396,1751346647022350609,POSTED,2024-01-27T20:49:13+00:00
144519396,1751346617414742198,POSTED,2024-01-27T20:49:06+00:00
144519396,1750872610483605629,POSTED,2024-01-26T13:25:34+00:00
144519396,1750792202270159348,POSTED,2024-01-26T08:06:03+00:00
144519396,1750628654013354470,POSTED,2024-01-25T21:16:10+00:00
144519396,1750618266190459042,POSTED,2024-01-25T20:34:54+00:00
144519396,1750545714273218789,POSTED,2024-01-25T15:46:36+00:00
222893593,1751903020315443626,POSTED,2024-01-29T09:40:03+00:00
222893593,1750174344607895581,POSTED,2024-01-24T15:10:55+00:00
222893593,1749761994666697159,POSTED,2024-01-23T11:52:23+00:00
222893593,1749389213865247012,POSTED,2024-01-22T11:11:05+00:00
222893593,1749358305342840861,POSTED,2024-01-22T09:08:16+00:00
222893593,1747660332233810063,POSTED,2024-01-17T16:41:07+00:00
222893593,1747227358493368567,POSTED,2024-01-16T12:00:38+00:00
3086239053,1620395696586366976,POSTED,2023-01-31T12:16:54+00:00
144519396,1760710256714191311,POSTED,2024-02-22T16:56:52+00:00
2359526718,1760668640964448604,POSTED,2024-02-22T14:11:30+00:00
2359526718,1759957773976998115,POSTED,2024-02-20T15:06:46+00:00
2359526718,1760219820203606387,POSTED,2024-02-21T08:28:03+00:00
2359526718,1759705236531212696,POSTED,2024-02-19T22:23:16+00:00
2359526718,1756264956054352277,POSTED,2024-02-10T10:32:50+00:00
2359526718,1755637670162706755,POSTED,2024-02-08T17:00:13+00:00
2359526718,1755589236483326411,POSTED,2024-02-08T13:47:45+00:00
470460837,1760668739815543203,POSTED,2024-02-22T14:11:53+00:00
470460837,1760195441767948339,POSTED,2024-02-21T06:51:10+00:00
470460837,1759896078827020589,POSTED,2024-02-20T11:01:37+00:00
470460837,1759884555752738893,POSTED,2024-02-20T10:15:49+00:00
470460837,1755495931972055426,POSTED,2024-02-08T07:37:00+00:00
470460837,1755271441518342592,POSTED,2024-02-07T16:44:57+00:00
470460837,1753425113591230604,POSTED,2024-02-02T14:28:18+00:00
470460837,1753198509279367468,POSTED,2024-02-01T23:27:52+00:00
470460837,1753197891949113527,POSTED,2024-02-01T23:25:24+00:00
1535959693,413607347072671744,POSTED,2013-12-19T09:50:50+00:00
724518816584183808,1759498197288759381,POSTED,2024-02-19T08:40:34+00:00
724518816584183808,1753061292036813013,POSTED,2024-02-01T14:22:36+00:00
724518816584183808,1752781806695301135,POSTED,2024-01-31T19:52:02+00:00
724518816584183808,1735314081928687799,POSTED,2023-12-14T15:01:32+00:00
716071032,1648588309113843714,POSTED,2023-04-19T07:24:16+00:00
724518816584183808,1603411774056931329,POSTED,2022-12-15T15:28:51+00:00
724518816584183808,1580229766744899586,POSTED,2022-10-12T16:11:50+00:00
724518816584183808,1579798320893276160,POSTED,2022-10-11T11:37:25+00:00
724518816584183808,1488088841193992194,POSTED,2022-01-31T09:56:41+00:00
724518816584183808,1470425468843270146,POSTED,2021-12-13T16:08:45+00:00
1365173000,1755603237074530640,POSTED,2024-02-08T14:43:23+00:00
1365173000,1754828137207066975,POSTED,2024-02-06T11:23:25+00:00
1365173000,1750560426566324232,POSTED,2024-01-25T16:45:04+00:00
1365173000,1750462085132063135,POSTED,2024-01-25T10:14:17+00:00
1365173000,1745476455448928283,POSTED,2024-01-11T16:03:11+00:00
1365173000,1745110650664243455,POSTED,2024-01-10T15:49:36+00:00
1365173000,1725560622761271372,POSTED,2023-11-17T17:04:46+00:00
1365173000,1725100244013060150,POSTED,2023-11-16T10:35:23+00:00
1365173000,1722230449068707945,POSTED,2023-11-08T12:31:51+00:00
1365173000,1714984613838242210,POSTED,2023-10-19T12:39:29+00:00
1365173000,1712134910893236706,POSTED,2023-10-11T15:55:47+00:00
1365173000,1712115901263200746,POSTED,2023-10-11T14:40:15+00:00
1365173000,1711456445500137779,POSTED,2023-10-09T18:59:48+00:00
1365173000,1710329622888398954,POSTED,2023-10-06T16:22:13+00:00
1365173000,1710247391062892914,POSTED,2023-10-06T10:55:27+00:00
1365173000,1682071121326112768,POSTED,2023-07-20T16:53:01+00:00
1365173000,1679430563667558402,POSTED,2023-07-13T10:00:23+00:00
1365173000,1679082990519963648,POSTED,2023-07-12T10:59:15+00:00
1365173000,1679053276082307073,POSTED,2023-07-12T09:01:10+00:00
1365173000,1674496899234033673,POSTED,2023-06-29T19:15:46+00:00
40726251,1760392552354586885,POSTED,2024-02-21T19:54:25+00:00
40726251,1759972873664352763,POSTED,2024-02-20T16:06:46+00:00
40726251,1758509899653280024,POSTED,2024-02-16T15:13:26+00:00
40726251,1756655498529575013,POSTED,2024-02-11T12:24:42+00:00
40726251,1755985846702895289,POSTED,2024-02-09T16:03:45+00:00
40726251,1755637340599464414,POSTED,2024-02-08T16:58:54+00:00
40726251,1755620500175192532,POSTED,2024-02-08T15:51:59+00:00
40726251,1755240302875410901,POSTED,2024-02-07T14:41:13+00:00
1322188861724909568,1760696437233377652,POSTED,2024-02-22T16:01:57+00:00
1322188861724909568,1760642903569756258,POSTED,2024-02-22T12:29:14+00:00
1322188861724909568,1760214308535816429,POSTED,2024-02-21T08:06:09+00:00
1450879699,1760717860307935710,POSTED,2024-02-22T17:27:05+00:00
1450879699,1760704931021898043,POSTED,2024-02-22T16:35:42+00:00
1450879699,1760704918027977192,POSTED,2024-02-22T16:35:39+00:00
1450879699,1760704906082521218,POSTED,2024-02-22T16:35:36+00:00
1450879699,1760615640933572637,POSTED,2024-02-22T10:40:54+00:00
1450879699,1759942407418683829,POSTED,2024-02-20T14:05:42+00:00
1450879699,1760074759516332502,POSTED,2024-02-20T22:51:37+00:00
1450879699,1760228412268908575,POSTED,2024-02-21T09:02:11+00:00
1450879699,1760266835323162877,POSTED,2024-02-21T11:34:52+00:00
1450879699,1760269018340942218,POSTED,2024-02-21T11:43:32+00:00
1450879699,1760268292168499294,POSTED,2024-02-21T11:40:39+00:00
1450879699,1760268547178016873,POSTED,2024-02-21T11:41:40+00:00
1450879699,1760266313811796221,POSTED,2024-02-21T11:32:48+00:00
1450879699,1760268159255245032,POSTED,2024-02-21T11:40:08+00:00
1450879699,1760004039897493883,POSTED,2024-02-20T18:10:37+00:00
1450879699,1758549856153428352,POSTED,2024-02-16T17:52:12+00:00
716071032,1760691455218364476,POSTED,2024-02-22T15:42:09+00:00
716071032,1760381947753201772,POSTED,2024-02-21T19:12:17+00:00
716071032,1759917047125795154,POSTED,2024-02-20T12:24:56+00:00
716071032,1756048550322934065,POSTED,2024-02-09T20:12:54+00:00
716071032,1752781373302071402,POSTED,2024-01-31T19:50:19+00:00
716071032,1749156655848112218,POSTED,2024-01-21T19:46:59+00:00
716071032,1745462001667858586,POSTED,2024-01-11T15:05:44+00:00
716071032,1737729362311655739,POSTED,2023-12-21T06:59:00+00:00
1192783021965021184,1760621213519360057,POSTED,2024-02-22T11:03:02+00:00
1192783021965021184,1755228082326138977,POSTED,2024-02-07T13:52:40+00:00
1192783021965021184,1754906077521392071,POSTED,2024-02-06T16:33:08+00:00
3086239053,1760719092632158524,POSTED,2024-02-22T17:31:58+00:00
1192783021965021184,1754813779664110051,POSTED,2024-02-06T10:26:22+00:00
1192783021965021184,1752740034657091805,POSTED,2024-01-31T17:06:03+00:00
1192783021965021184,1751935435553542633,POSTED,2024-01-29T11:48:51+00:00
1192783021965021184,1751594161239703747,POSTED,2024-01-28T13:12:45+00:00
1192783021965021184,1751182228850094265,POSTED,2024-01-27T09:55:53+00:00
1192783021965021184,1750173808877596789,POSTED,2024-01-24T15:08:47+00:00
1192783021965021184,1750111417385062749,POSTED,2024-01-24T11:00:52+00:00
1085994108,1760731465271398645,POSTED,2024-02-22T18:21:08+00:00
1085994108,1760731408275001658,POSTED,2024-02-22T18:20:55+00:00
1085994108,1759847647395893525,POSTED,2024-02-20T07:49:10+00:00
1085994108,1758061733950681192,POSTED,2024-02-15T09:32:35+00:00
1085994108,1758035988058681639,POSTED,2024-02-15T07:50:16+00:00
1085994108,1755601287192977818,POSTED,2024-02-08T14:35:39+00:00
1085994108,1755600400135372865,POSTED,2024-02-08T14:32:07+00:00
1085994108,1755600351867425255,POSTED,2024-02-08T14:31:56+00:00
1085994108,1755250750312083558,POSTED,2024-02-07T15:22:44+00:00
1085994108,1755242189997719912,POSTED,2024-02-07T14:48:43+00:00
1085994108,1755218091812794811,POSTED,2024-02-07T13:12:58+00:00
1085994108,1755218014310379806,POSTED,2024-02-07T13:12:39+00:00
1085994108,1755178125753778478,POSTED,2024-02-07T10:34:09+00:00
1085994108,1755146564090146989,POSTED,2024-02-07T08:28:44+00:00
1085994108,1755141048811065508,POSTED,2024-02-07T08:06:49+00:00
1085994108,1755137470436376664,POSTED,2024-02-07T07:52:36+00:00
1085994108,1754942271936442601,POSTED,2024-02-06T18:56:57+00:00
1448555214714413061,1760787539357516208,POSTED,2024-02-22T22:03:57+00:00
1448555214714413061,1760667900703105172,POSTED,2024-02-22T14:08:33+00:00
1448555214714413061,1760304082055565410,POSTED,2024-02-21T14:02:52+00:00
1448555214714413061,1753059689577763044,POSTED,2024-02-01T14:16:14+00:00
1448555214714413061,1751183488676397557,POSTED,2024-01-27T10:00:53+00:00
1448555214714413061,1750538917428772982,POSTED,2024-01-25T15:19:36+00:00
1448555214714413061,1750461195423789421,POSTED,2024-01-25T10:10:45+00:00
1448555214714413061,1745486329700335925,POSTED,2024-01-11T16:42:25+00:00
1448555214714413061,1745133231907746265,POSTED,2024-01-10T17:19:20+00:00
1448555214714413061,1745133188656074980,POSTED,2024-01-10T17:19:09+00:00
1448555214714413061,1745133087032230312,POSTED,2024-01-10T17:18:45+00:00
1448555214714413061,1745133052995477987,POSTED,2024-01-10T17:18:37+00:00
1448555214714413061,1745133032690876416,POSTED,2024-01-10T17:18:32+00:00
1448555214714413061,1744334552279953909,POSTED,2024-01-08T12:25:40+00:00
1448555214714413061,1744334441663602783,POSTED,2024-01-08T12:25:13+00:00
1448555214714413061,1737862345760653749,POSTED,2023-12-21T15:47:25+00:00
1448555214714413061,1737732300333539417,POSTED,2023-12-21T07:10:40+00:00
1448555214714413061,1735314181505614116,POSTED,2023-12-14T15:01:56+00:00
1448555214714413061,1732854408403157355,POSTED,2023-12-07T20:07:40+00:00
1376532429821841411,1666483526030483486,POSTED,2023-06-07T16:33:29+00:00
1376532429821841411,1649042001101291521,POSTED,2023-04-20T13:27:05+00:00
1376532429821841411,1600113896161177600,POSTED,2022-12-06T13:04:16+00:00
1376532429821841411,1597226120604430338,POSTED,2022-11-28T13:49:16+00:00
1376532429821841411,1586013836460425216,POSTED,2022-10-28T15:15:39+00:00
1376532429821841411,1547226304059170816,POSTED,2022-07-13T14:27:51+00:00
3086239053,1760666458256814304,POSTED,2024-02-22T14:02:49+00:00
3086239053,1760606062305050735,POSTED,2024-02-22T10:02:50+00:00
3086239053,1760396579528224857,POSTED,2024-02-21T20:10:25+00:00
3086239053,1760321524639105503,POSTED,2024-02-21T15:12:11+00:00
3086239053,1758862017513865436,POSTED,2024-02-17T14:32:37+00:00
3086239053,1758849608640299394,POSTED,2024-02-17T13:43:19+00:00
3086239053,1758757200430854163,POSTED,2024-02-17T07:36:07+00:00
3086239053,1758756937632514474,POSTED,2024-02-17T07:35:04+00:00
3086239053,1758756886613020851,POSTED,2024-02-17T07:34:52+00:00
3086239053,1758603630536544588,POSTED,2024-02-16T21:25:53+00:00
3086239053,1757518762050220396,POSTED,2024-02-13T21:35:00+00:00
3086239053,1757441806952759406,POSTED,2024-02-13T16:29:13+00:00
3086239053,1757441749755035726,POSTED,2024-02-13T16:28:59+00:00
3086239053,1757405829873975371,POSTED,2024-02-13T14:06:15+00:00
222893593,1334948547054153730,POSTED,2020-12-04T19:51:50+00:00
222893593,1334968425173688325,POSTED,2020-12-04T21:10:49+00:00
1449828837177626628,1719981544901607847,POSTED,2023-11-02T07:35:30+00:00
1449828837177626628,1718714605390749889,POSTED,2023-10-29T19:41:08+00:00
1449828837177626628,1716001019270676781,POSTED,2023-10-22T07:58:19+00:00
1449828837177626628,1713454172106903958,POSTED,2023-10-15T07:18:03+00:00
1449828837177626628,1700163743022194776,POSTED,2023-09-08T15:06:38+00:00
1449828837177626628,1689368454216744961,POSTED,2023-08-09T20:10:01+00:00
1449828837177626628,1675034848728174593,POSTED,2023-07-01T06:53:23+00:00
1449828837177626628,1658214938676961280,POSTED,2023-05-15T20:57:04+00:00
1449828837177626628,1656040405073375232,POSTED,2023-05-09T20:56:14+00:00
1449828837177626628,1641914376209805312,POSTED,2023-03-31T21:24:27+00:00
1449828837177626628,1641044521805926401,POSTED,2023-03-29T11:47:57+00:00
1449828837177626628,1639547609567096833,POSTED,2023-03-25T08:39:46+00:00
1449828837177626628,1639544866995675141,POSTED,2023-03-25T08:28:52+00:00
1449828837177626628,1639021074456141825,POSTED,2023-03-23T21:47:30+00:00
3086239053,1760952941706420369,POSTED,2024-02-23T09:01:12+00:00
3086239053,1760940506610078024,POSTED,2024-02-23T08:11:48+00:00
1085994108,1760962204528951429,POSTED,2024-02-23T09:38:01+00:00
1085994108,1760962207154598151,POSTED,2024-02-23T09:38:01+00:00
1322188861724909568,1760982932863570163,POSTED,2024-02-23T11:00:23+00:00
64506745,1761040453695111327,POSTED,2024-02-23T14:48:57+00:00
64506745,1761039039489093803,POSTED,2024-02-23T14:43:20+00:00
64506745,1761033022604820720,POSTED,2024-02-23T14:19:25+00:00
64506745,1761003733352136799,POSTED,2024-02-23T12:23:02+00:00
64506745,1760815094747861081,POSTED,2024-02-22T23:53:27+00:00
64506745,1760814917731443114,POSTED,2024-02-22T23:52:45+00:00
64506745,1760814770104528932,POSTED,2024-02-22T23:52:10+00:00
724518816584183808,1760966388452102542,POSTED,2024-02-23T09:54:38+00:00
64506745,1761347362482458670,POSTED,2024-02-24T11:08:30+00:00
64506745,1761063973040832931,POSTED,2024-02-23T16:22:24+00:00
40726251,1761323502529888537,POSTED,2024-02-24T09:33:41+00:00
3086239053,1761310951058342339,POSTED,2024-02-24T08:43:48+00:00
3086239053,1761007917459734989,POSTED,2024-02-23T12:39:40+00:00
3086239053,1761005526295454035,POSTED,2024-02-23T12:30:10+00:00
1450879699,1761417118598266913,POSTED,2024-02-24T15:45:41+00:00
64506745,1761425327362863491,POSTED,2024-02-24T16:18:18+00:00
64506745,1761423644612284787,POSTED,2024-02-24T16:11:37+00:00
1085994108,1761863933781053491,POSTED,2024-02-25T21:21:10+00:00
3086239053,1761828773643645341,POSTED,2024-02-25T19:01:27+00:00
40726251,1762032953494794251,POSTED,2024-02-26T08:32:47+00:00
144519396,1762121962896159160,POSTED,2024-02-26T14:26:29+00:00
3086239053,1762259045447020632,POSTED,2024-02-26T23:31:12+00:00
470460837,1762167261475868787,POSTED,2024-02-26T17:26:29+00:00
1450879699,1762058833206141152,POSTED,2024-02-26T10:15:37+00:00
64506745,1762393764826386483,POSTED,2024-02-27T08:26:31+00:00
64506745,1762165813832778199,POSTED,2024-02-26T17:20:44+00:00
1450879699,1762136182756884984,POSTED,2024-02-26T15:22:59+00:00
1192783021965021184,1762448915687674252,POSTED,2024-02-27T12:05:40+00:00
1192783021965021184,1762443597675110663,POSTED,2024-02-27T11:44:32+00:00
1192783021965021184,1762420390368805015,POSTED,2024-02-27T10:12:19+00:00
1192783021965021184,1762377272613298436,POSTED,2024-02-27T07:20:59+00:00
716071032,1762443650938605803,POSTED,2024-02-27T11:44:45+00:00
716071032,1762384374786363585,POSTED,2024-02-27T07:49:13+00:00
1322188861724909568,1762447794894254567,POSTED,2024-02-27T12:01:13+00:00
222893593,1762743951520379184,POSTED,2024-02-28T07:38:02+00:00
40726251,1762513616140489123,POSTED,2024-02-27T16:22:46+00:00
470460837,1762538761080991924,POSTED,2024-02-27T18:02:41+00:00
470460837,1762452633795604534,POSTED,2024-02-27T12:20:27+00:00
470460837,1762424796220993787,POSTED,2024-02-27T10:29:50+00:00
470460837,1762423045220635025,POSTED,2024-02-27T10:22:52+00:00
2359526718,1762762931144454378,POSTED,2024-02-28T08:53:27+00:00
64506745,1762792482750726354,POSTED,2024-02-28T10:50:53+00:00
64506745,1762508878355300722,POSTED,2024-02-27T16:03:57+00:00
64506745,1762492729958011365,POSTED,2024-02-27T14:59:47+00:00
2359526718,1762773228110377160,POSTED,2024-02-28T09:34:22+00:00
2359526718,1762832521400590838,POSTED,2024-02-28T13:29:59+00:00
2359526718,1762786412804407675,POSTED,2024-02-28T10:26:46+00:00
2359526718,1762786618346291419,POSTED,2024-02-28T10:27:35+00:00
2359526718,1762546120620712416,POSTED,2024-02-27T18:31:56+00:00
3086239053,1762442742611792269,POSTED,2024-02-27T11:41:09+00:00
1450879699,1763253496059429190,POSTED,2024-02-29T17:22:47+00:00
1450879699,1763249247820910816,POSTED,2024-02-29T17:05:54+00:00
144519396,1763207047481303515,POSTED,2024-02-29T14:18:13+00:00
144519396,1762902557356085655,POSTED,2024-02-28T18:08:17+00:00
487325531,1762930014201221469,POSTED,2024-02-28T19:57:23+00:00
64506745,1763273907035853148,POSTED,2024-02-29T18:43:54+00:00
64506745,1763273266670547405,POSTED,2024-02-29T18:41:21+00:00
64506745,1763250828670902379,POSTED,2024-02-29T17:12:11+00:00
64506745,1762969176543506871,POSTED,2024-02-28T22:33:00+00:00
64506745,1763138745270751244,POSTED,2024-02-29T09:46:49+00:00
64506745,1763137898172293583,POSTED,2024-02-29T09:43:27+00:00
64506745,1763136603118047565,POSTED,2024-02-29T09:38:18+00:00
64506745,1762940584136708380,POSTED,2024-02-28T20:39:23+00:00
2359526718,1763279696576614413,POSTED,2024-02-29T19:06:54+00:00
2359526718,1763278662948802975,POSTED,2024-02-29T19:02:48+00:00
2359526718,1763144858414301684,POSTED,2024-02-29T10:11:06+00:00
1085994108,1763277806639649205,POSTED,2024-02-29T18:59:23+00:00
1085994108,1763185992578576820,POSTED,2024-02-29T12:54:33+00:00
1085994108,1762881034666786923,POSTED,2024-02-28T16:42:46+00:00
1085994108,1762880959416828098,POSTED,2024-02-28T16:42:28+00:00
1085994108,1762779342386376961,POSTED,2024-02-28T09:58:40+00:00
1192783021965021184,1763249769504289198,POSTED,2024-02-29T17:07:59+00:00
1192783021965021184,1763123048356458704,POSTED,2024-02-29T08:44:26+00:00
1192783021965021184,1762955948233023905,POSTED,2024-02-28T21:40:26+00:00
40726251,1763214621702242414,POSTED,2024-02-29T14:48:19+00:00
40726251,1762974712563429653,POSTED,2024-02-28T22:55:00+00:00
40726251,1762880430338949174,POSTED,2024-02-28T16:40:21+00:00
1322188861724909568,1763253494981476426,POSTED,2024-02-29T17:22:47+00:00
1322188861724909568,1763145544203981034,POSTED,2024-02-29T10:13:50+00:00
1322188861724909568,1763133581591785631,POSTED,2024-02-29T09:26:17+00:00
64506745,1763337299230912726,POSTED,2024-02-29T22:55:48+00:00
1322188861724909568,1763562310193312083,POSTED,2024-03-01T13:49:54+00:00
1322188861724909568,1763562229352288358,POSTED,2024-03-01T13:49:35+00:00
1322188861724909568,1763539894868090962,POSTED,2024-03-01T12:20:50+00:00
1322188861724909568,1763494197443604579,POSTED,2024-03-01T09:19:15+00:00
40726251,1763850710569906328,POSTED,2024-03-02T08:55:54+00:00
1322188861724909568,1763925067199590818,POSTED,2024-03-02T13:51:22+00:00
1322188861724909568,1763939228105293996,POSTED,2024-03-02T14:47:39+00:00
1322188861724909568,1763933115561468076,POSTED,2024-03-02T14:23:21+00:00
1322188861724909568,1763932703714386395,POSTED,2024-03-02T14:21:43+00:00
1450879699,1763717077943136666,POSTED,2024-03-02T00:04:54+00:00
1322188861724909568,1764005081450491983,POSTED,2024-03-02T19:09:19+00:00
1322188861724909568,1764006469949698399,POSTED,2024-03-02T19:14:50+00:00
1322188861724909568,1764004700637003938,POSTED,2024-03-02T19:07:48+00:00
1450879699,1764090289612836944,POSTED,2024-03-03T00:47:54+00:00
3086239053,1764212428521292211,POSTED,2024-03-03T08:53:15+00:00
3086239053,1764028411654107457,POSTED,2024-03-02T20:42:02+00:00
3086239053,1764028331693871352,POSTED,2024-03-02T20:41:42+00:00
3086239053,1764758482006270400,POSTED,2024-03-04T21:03:04+00:00
3086239053,1764381109603754323,POSTED,2024-03-03T20:03:31+00:00
1450879699,1764590671183159716,POSTED,2024-03-04T09:56:15+00:00
1450879699,1764441382779785473,POSTED,2024-03-04T00:03:02+00:00
1322188861724909568,1764550032190017930,POSTED,2024-03-04T07:14:46+00:00
1322188861724909568,1764217113730765172,POSTED,2024-03-03T09:11:52+00:00
1322188861724909568,1764231068704530756,POSTED,2024-03-03T10:07:19+00:00
1322188861724909568,1764237539123081663,POSTED,2024-03-03T10:33:01+00:00
1322188861724909568,1764258909202624862,POSTED,2024-03-03T11:57:56+00:00
1322188861724909568,1764266439245009164,POSTED,2024-03-03T12:27:52+00:00
1322188861724909568,1764238493994144133,POSTED,2024-03-03T10:36:49+00:00
3086239053,1764921492582662622,POSTED,2024-03-05T07:50:49+00:00
64506745,1765089608562323761,POSTED,2024-03-05T18:58:51+00:00
64506745,1765146791698104361,POSTED,2024-03-05T22:46:04+00:00
64506745,1765146737134477357,POSTED,2024-03-05T22:45:51+00:00
64506745,1765523559563096270,POSTED,2024-03-06T23:43:13+00:00
64506745,1765506924055859279,POSTED,2024-03-06T22:37:06+00:00
487325531,1765382049974600112,POSTED,2024-03-06T14:20:54+00:00
487325531,1765382317189603628,POSTED,2024-03-06T14:21:58+00:00
3086239053,1765687316259975543,POSTED,2024-03-07T10:33:55+00:00
3086239053,1765647255418097789,POSTED,2024-03-07T07:54:44+00:00
470460837,1765454496820240714,POSTED,2024-03-06T19:08:47+00:00
40726251,1765705258053906672,POSTED,2024-03-07T11:45:13+00:00
1192783021965021184,1766089152611729755,POSTED,2024-03-08T13:10:40+00:00
64506745,1766134084571451600,POSTED,2024-03-08T16:09:13+00:00
64506745,1766113892185383288,POSTED,2024-03-08T14:48:59+00:00
64506745,1766113712488767859,POSTED,2024-03-08T14:48:16+00:00
64506745,1765700319101485238,POSTED,2024-03-07T11:25:35+00:00
64506745,1765700264978153716,POSTED,2024-03-07T11:25:22+00:00
64506745,1765697649745822028,POSTED,2024-03-07T11:14:59+00:00
64506745,1765697192751227284,POSTED,2024-03-07T11:13:10+00:00
64506745,1765697116469358783,POSTED,2024-03-07T11:12:52+00:00
64506745,1765696551756714174,POSTED,2024-03-07T11:10:37+00:00
3086239053,1765751823439208696,POSTED,2024-03-07T14:50:15+00:00
487325531,1766081148914909585,POSTED,2024-03-08T12:38:52+00:00
487325531,1766081290107777211,POSTED,2024-03-08T12:39:26+00:00
487325531,1766081545784168463,POSTED,2024-03-08T12:40:27+00:00
1085994108,1765774049106399693,POSTED,2024-03-07T16:18:34+00:00
1085994108,1765774020140540303,POSTED,2024-03-07T16:18:27+00:00
2359526718,1766749072147575173,POSTED,2024-03-10T08:52:58+00:00
2359526718,1766593821675069645,POSTED,2024-03-09T22:36:03+00:00
2359526718,1766748388719014301,POSTED,2024-03-10T08:50:15+00:00
64506745,1766173778772361295,POSTED,2024-03-08T18:46:57+00:00
64506745,1766173562296009142,POSTED,2024-03-08T18:46:05+00:00
64506745,1766173140218978655,POSTED,2024-03-08T18:44:25+00:00
64506745,1766171223967539231,POSTED,2024-03-08T18:36:48+00:00
2359526718,1767091670091260361,POSTED,2024-03-11T07:34:19+00:00
2359526718,1767091751699792261,POSTED,2024-03-11T07:34:39+00:00
2359526718,1767121258922086470,POSTED,2024-03-11T09:31:54+00:00
2359526718,1767120962208571568,POSTED,2024-03-11T09:30:43+00:00
144519396,1767159659490611463,POSTED,2024-03-11T12:04:29+00:00
144519396,1767188597822697943,POSTED,2024-03-11T13:59:29+00:00
40726251,1767199968194945398,POSTED,2024-03-11T14:44:40+00:00
64506745,1767248144574644302,POSTED,2024-03-11T17:56:06+00:00
64506745,1767247150864277968,POSTED,2024-03-11T17:52:09+00:00
2359526718,1767476265953464659,POSTED,2024-03-12T09:02:34+00:00
2359526718,1767253107929501872,POSTED,2024-03-11T18:15:49+00:00
2359526718,1767253714170003585,POSTED,2024-03-11T18:18:14+00:00
222893593,1767499622514118729,POSTED,2024-03-12T10:35:23+00:00
222893593,1767501841619702102,POSTED,2024-03-12T10:44:12+00:00
64506745,1767599436950020485,POSTED,2024-03-12T17:12:00+00:00
64506745,1767543423395860674,POSTED,2024-03-12T13:29:26+00:00
64506745,1767508739475607718,POSTED,2024-03-12T11:11:36+00:00
64506745,1767508544373277100,POSTED,2024-03-12T11:10:50+00:00
64506745,1767483873066180691,POSTED,2024-03-12T09:32:48+00:00
2359526718,1767663315285610812,POSTED,2024-03-12T21:25:50+00:00
2359526718,1767511602671104181,POSTED,2024-03-12T11:22:59+00:00
487325531,1767819109423571025,POSTED,2024-03-13T07:44:54+00:00
487325531,1767822863740870770,POSTED,2024-03-13T07:59:49+00:00
1192783021965021184,1767802828972523681,POSTED,2024-03-13T06:40:13+00:00
1192783021965021184,1767799248672759844,POSTED,2024-03-13T06:25:59+00:00
470460837,1767506452220985764,POSTED,2024-03-12T11:02:31+00:00
3086239053,1767817380883780089,POSTED,2024-03-13T07:38:02+00:00
144519396,1767997900729077811,POSTED,2024-03-13T19:35:22+00:00
144519396,1767958516268990743,POSTED,2024-03-13T16:58:52+00:00
470460837,1767958393476542655,POSTED,2024-03-13T16:58:22+00:00
470460837,1767957357701615714,POSTED,2024-03-13T16:54:15+00:00
64506745,1767949007999930822,POSTED,2024-03-13T16:21:05+00:00
64506745,1767875565615202608,POSTED,2024-03-13T11:29:15+00:00
64506745,1767878894500118625,POSTED,2024-03-13T11:42:28+00:00
64506745,1767921230047330318,POSTED,2024-03-13T14:30:42+00:00
64506745,1767921472100565348,POSTED,2024-03-13T14:31:39+00:00
3086239053,1767972788931858546,POSTED,2024-03-13T17:55:34+00:00
487325531,1768199249244647914,POSTED,2024-03-14T08:55:27+00:00
1192783021965021184,1767900688489615598,POSTED,2024-03-13T13:09:04+00:00
1450879699,1767909849986126112,POSTED,2024-03-13T13:45:29+00:00
40726251,1768052044068278697,POSTED,2024-03-13T23:10:30+00:00
40726251,1768052027525845002,POSTED,2024-03-13T23:10:26+00:00
222893593,1768344209352720718,POSTED,2024-03-14T18:31:28+00:00
144519396,1768224346793767096,POSTED,2024-03-14T10:35:10+00:00
144519396,1768228613147516952,POSTED,2024-03-14T10:52:08+00:00
470460837,1768192171818000608,POSTED,2024-03-14T08:27:19+00:00
3086239053,1768297171848253878,POSTED,2024-03-14T15:24:33+00:00
3086239053,1768245475545579740,POSTED,2024-03-14T11:59:08+00:00
3086239053,1768543949692571914,POSTED,2024-03-15T07:45:10+00:00
64506745,1768588859065901453,POSTED,2024-03-15T10:43:37+00:00
64506745,1768528813359575214,POSTED,2024-03-15T06:45:01+00:00
144519396,1768906480038662609,POSTED,2024-03-16T07:45:44+00:00
144519396,1768691528359113044,POSTED,2024-03-15T17:31:35+00:00
64506745,1768953952626729300,POSTED,2024-03-16T10:54:22+00:00
3086239053,1768997536742649995,POSTED,2024-03-16T13:47:33+00:00
3086239053,1768931593563902359,POSTED,2024-03-16T09:25:31+00:00
64506745,1769133995902546244,POSTED,2024-03-16T22:49:48+00:00
470460837,1769690909937975317,POSTED,2024-03-18T11:42:46+00:00
1450879699,1769341583701213422,POSTED,2024-03-17T12:34:40+00:00
3086239053,1769705289257754659,POSTED,2024-03-18T12:39:55+00:00
3086239053,1769685840677028141,POSTED,2024-03-18T11:22:38+00:00
1192783021965021184,1770042244638077143,POSTED,2024-03-19T10:58:51+00:00
1192783021965021184,1770042133606432907,POSTED,2024-03-19T10:58:25+00:00
64506745,1769858391139058114,POSTED,2024-03-18T22:48:17+00:00
64506745,1769830979797954752,POSTED,2024-03-18T20:59:22+00:00
64506745,1769818316439187812,POSTED,2024-03-18T20:09:02+00:00
2359526718,1770044615611101615,POSTED,2024-03-19T11:08:16+00:00
2359526718,1769708887463145888,POSTED,2024-03-18T12:54:13+00:00
3086239053,1770022332528050610,POSTED,2024-03-19T09:39:44+00:00
64506745,1770385000795435179,POSTED,2024-03-20T09:40:51+00:00
1322188861724909568,1770371002054103182,POSTED,2024-03-20T08:45:13+00:00
3086239053,1770409162804965421,POSTED,2024-03-20T11:16:51+00:00
222893593,1770469661940785396,POSTED,2024-03-20T15:17:15+00:00
222893593,1770483556541690119,POSTED,2024-03-20T16:12:28+00:00
470460837,1770497630209966397,POSTED,2024-03-20T17:08:23+00:00
470460837,1770476851372118375,POSTED,2024-03-20T15:45:49+00:00
470460837,1770443137061720343,POSTED,2024-03-20T13:31:51+00:00
470460837,1770408493767409717,POSTED,2024-03-20T11:14:12+00:00
470460837,1770408242230763732,POSTED,2024-03-20T11:13:12+00:00
1322188861724909568,1770793553305764042,POSTED,2024-03-21T12:44:17+00:00
470460837,1770898059397898601,POSTED,2024-03-21T19:39:33+00:00
470460837,1770746435287314697,POSTED,2024-03-21T09:37:03+00:00
3086239053,1770743501560430906,POSTED,2024-03-21T09:25:24+00:00
470460837,1770851561071133168,POSTED,2024-03-21T16:34:47+00:00
470460837,1770765327153914198,POSTED,2024-03-21T10:52:07+00:00
470460837,1770745534602489983,POSTED,2024-03-21T09:33:28+00:00
1192783021965021184,1770526007591686577,POSTED,2024-03-20T19:01:09+00:00
2359526718,1770730856224600170,POSTED,2024-03-21T08:35:09+00:00
2359526718,1770729193396985997,POSTED,2024-03-21T08:28:32+00:00
144519396,1770871901348388877,POSTED,2024-03-21T17:55:37+00:00
144519396,1770481947417927843,POSTED,2024-03-20T16:06:04+00:00
144519396,1770425286447837571,POSTED,2024-03-20T12:20:55+00:00
1450879699,1771201019373842561,POSTED,2024-03-22T15:43:24+00:00
1450879699,1771123549970845818,POSTED,2024-03-22T10:35:34+00:00
1450879699,1770852516290289810,POSTED,2024-03-21T16:38:35+00:00
1365173000,1770492717937696803,POSTED,2024-03-20T16:48:52+00:00
1365173000,1770488425956647015,POSTED,2024-03-20T16:31:49+00:00
64506745,1771178450243461451,POSTED,2024-03-22T14:13:44+00:00
3086239053,1771215640189161754,POSTED,2024-03-22T16:41:30+00:00
3086239053,1771086188566241390,POSTED,2024-03-22T08:07:07+00:00
3086239053,1770886475111960621,POSTED,2024-03-21T18:53:31+00:00
3086239053,1770496458145374402,POSTED,2024-03-20T17:03:44+00:00
1322188861724909568,1771205598501089294,POSTED,2024-03-22T16:01:36+00:00
1448555214714413061,1770850901718172141,POSTED,2024-03-21T16:32:10+00:00
1448555214714413061,1770572576730890401,POSTED,2024-03-20T22:06:12+00:00
64506745,1771180650336293209,POSTED,2024-03-22T14:22:28+00:00
64506745,1771179642319233279,POSTED,2024-03-22T14:18:28+00:00
64506745,1771178969611575692,POSTED,2024-03-22T14:15:47+00:00
64506745,1771178752908616115,POSTED,2024-03-22T14:14:56+00:00
64506745,1771178120600588301,POSTED,2024-03-22T14:12:25+00:00
64506745,1771175260424945774,POSTED,2024-03-22T14:01:03+00:00
64506745,1770852873875673512,POSTED,2024-03-21T16:40:00+00:00
64506745,1770852228338692527,POSTED,2024-03-21T16:37:26+00:00
64506745,1770848776887918772,POSTED,2024-03-21T16:23:43+00:00
64506745,1770766153096253546,POSTED,2024-03-21T10:55:24+00:00
64506745,1770575571082174552,POSTED,2024-03-20T22:18:06+00:00
64506745,1770572384468090967,POSTED,2024-03-20T22:05:26+00:00
64506745,1770494011129602134,POSTED,2024-03-20T16:54:01+00:00
64506745,1770489342630240521,POSTED,2024-03-20T16:35:28+00:00
64506745,1770406750908248088,POSTED,2024-03-20T11:07:16+00:00
470460837,1771203093117403463,POSTED,2024-03-22T15:51:39+00:00
1192783021965021184,1771295162737578357,POSTED,2024-03-22T21:57:30+00:00
1448555214714413061,1771866943466750177,POSTED,2024-03-24T11:49:33+00:00
1322188861724909568,1771849434655031573,POSTED,2024-03-24T10:39:59+00:00
487325531,1771898383462003029,POSTED,2024-03-24T13:54:29+00:00
1365173000,1771866548212220122,POSTED,2024-03-24T11:47:59+00:00
2359526718,1772176606565462481,POSTED,2024-03-25T08:20:03+00:00
64506745,1772370115209708014,POSTED,2024-03-25T21:08:59+00:00
64506745,1772367633565786190,POSTED,2024-03-25T20:59:07+00:00
64506745,1772367592193196088,POSTED,2024-03-25T20:58:57+00:00
64506745,1772261599924924571,POSTED,2024-03-25T13:57:47+00:00
64506745,1772243054788771936,POSTED,2024-03-25T12:44:05+00:00
470460837,1772278633958146149,POSTED,2024-03-25T15:05:28+00:00
3086239053,1772349620443627768,POSTED,2024-03-25T19:47:32+00:00
3086239053,1772338980790452669,POSTED,2024-03-25T19:05:16+00:00
3086239053,1772289908876394694,POSTED,2024-03-25T15:50:16+00:00
3086239053,1772268242163106142,POSTED,2024-03-25T14:24:10+00:00
3086239053,1737419612050850157,POSTED,2023-12-20T10:28:09+00:00
3086239053,1772226031191040439,POSTED,2024-03-25T11:36:26+00:00
3086239053,1772249117223219623,POSTED,2024-03-25T13:08:10+00:00
1322188861724909568,1772533516313502203,POSTED,2024-03-26T07:58:17+00:00
144519396,1772574785630765094,POSTED,2024-03-26T10:42:16+00:00
2359526718,1772519507866562946,POSTED,2024-03-26T07:02:37+00:00
2359526718,1772520602856780071,POSTED,2024-03-26T07:06:58+00:00
64506745,1772547505055527059,POSTED,2024-03-26T08:53:52+00:00
64506745,1772547978328174828,POSTED,2024-03-26T08:55:45+00:00
64506745,1772614359023280357,POSTED,2024-03-26T13:19:31+00:00
64506745,1772615791168340220,POSTED,2024-03-26T13:25:12+00:00
64506745,1772615957246079257,POSTED,2024-03-26T13:25:52+00:00
64506745,1772616127274688603,POSTED,2024-03-26T13:26:33+00:00
64506745,1772615402809413697,POSTED,2024-03-26T13:23:40+00:00
64506745,1772570697660776819,POSTED,2024-03-26T10:26:01+00:00
64506745,1772548234436591776,POSTED,2024-03-26T08:56:46+00:00
64506745,1772931270076461460,POSTED,2024-03-27T10:18:48+00:00
64506745,1772931212278993243,POSTED,2024-03-27T10:18:35+00:00
3086239053,1772915227534692519,POSTED,2024-03-27T09:15:04+00:00
3086239053,1772889983243756023,POSTED,2024-03-27T07:34:45+00:00
1450879699,1772929455389823374,POSTED,2024-03-27T10:11:36+00:00
1450879699,1772741482106998969,POSTED,2024-03-26T21:44:39+00:00
1448555214714413061,1772699287178101185,POSTED,2024-03-26T18:56:59+00:00
2359526718,1772996424164106317,POSTED,2024-03-27T14:37:42+00:00
3086239053,1773098033258885271,POSTED,2024-03-27T21:21:28+00:00
3086239053,1772959242493812757,POSTED,2024-03-27T12:09:58+00:00
64506745,1773120082148827323,POSTED,2024-03-27T22:49:05+00:00
64506745,1773020509912887376,POSTED,2024-03-27T16:13:25+00:00
64506745,1772960617839706541,POSTED,2024-03-27T12:15:25+00:00
64506745,1772960200359641097,POSTED,2024-03-27T12:13:46+00:00
470460837,1773075842924491123,POSTED,2024-03-27T19:53:17+00:00
1450879699,1773336978689278341,POSTED,2024-03-28T13:10:57+00:00
1322188861724909568,1773241590254813548,POSTED,2024-03-28T06:51:55+00:00
1448555214714413061,1773370504801403025,POSTED,2024-03-28T15:24:10+00:00
64506745,1773653472493138275,POSTED,2024-03-29T10:08:35+00:00
64506745,1773653440423465139,POSTED,2024-03-29T10:08:27+00:00
64506745,1773652280413139254,POSTED,2024-03-29T10:03:51+00:00
64506745,1773652067350987011,POSTED,2024-03-29T10:03:00+00:00
64506745,1773433140083597350,POSTED,2024-03-28T19:33:04+00:00
64506745,1773432689682485413,POSTED,2024-03-28T19:31:16+00:00
64506745,1773368898852716629,POSTED,2024-03-28T15:17:47+00:00
1365173000,1773369932400468122,POSTED,2024-03-28T15:21:54+00:00
470460837,1773412925719367890,POSTED,2024-03-28T18:12:44+00:00
470460837,1773334365881225226,POSTED,2024-03-28T13:00:34+00:00
470460837,1773303528074756368,POSTED,2024-03-28T10:58:02+00:00
716071032,1773407829501591598,POSTED,2024-03-28T17:52:29+00:00
716071032,1773407811168288838,POSTED,2024-03-28T17:52:25+00:00
1192783021965021184,1773384185169805630,POSTED,2024-03-28T16:18:32+00:00
1192783021965021184,1773232245278486779,POSTED,2024-03-28T06:14:46+00:00
1085994108,1773692005324882401,POSTED,2024-03-29T12:41:42+00:00
1322188861724909568,1773669406318448954,POSTED,2024-03-29T11:11:54+00:00
64506745,1773732005433213220,POSTED,2024-03-29T15:20:39+00:00
3086239053,1774027992710124031,POSTED,2024-03-30T10:56:47+00:00
3086239053,1773989269083668827,POSTED,2024-03-30T08:22:55+00:00
1450879699,1773815960769585417,POSTED,2024-03-29T20:54:15+00:00
3086239053,1774703120095818048,POSTED,2024-04-01T07:39:30+00:00
64506745,1774745167154561357,POSTED,2024-04-01T10:26:35+00:00
64506745,1774728978021884285,POSTED,2024-04-01T09:22:15+00:00
64506745,1774727377941147821,POSTED,2024-04-01T09:15:54+00:00
64506745,1774726948289151250,POSTED,2024-04-01T09:14:11+00:00
64506745,1775107624633000026,POSTED,2024-04-02T10:26:52+00:00
64506745,1775107190048587858,POSTED,2024-04-02T10:25:08+00:00
64506745,1775107283493494833,POSTED,2024-04-02T10:25:30+00:00
64506745,1775107557469614349,POSTED,2024-04-02T10:26:36+00:00
64506745,1774914465475014756,POSTED,2024-04-01T21:39:19+00:00
64506745,1775107451760656494,POSTED,2024-04-02T10:26:11+00:00
64506745,1774904261677101116,POSTED,2024-04-01T20:58:46+00:00
3086239053,1775158734135628254,POSTED,2024-04-02T13:49:57+00:00
3086239053,1774846983217225815,POSTED,2024-04-01T17:11:10+00:00
1322188861724909568,1775061567853244777,POSTED,2024-04-02T07:23:51+00:00
40726251,1775195159510102163,POSTED,2024-04-02T16:14:42+00:00
40726251,1775110550336237981,POSTED,2024-04-02T10:38:29+00:00
40726251,1775450101244117407,POSTED,2024-04-03T09:07:45+00:00
1322188861724909568,1775451512333901866,POSTED,2024-04-03T09:13:21+00:00
1322188861724909568,1775250012693266682,POSTED,2024-04-02T19:52:40+00:00
64506745,1775522855821721635,POSTED,2024-04-03T13:56:51+00:00
64506745,1775400843832901799,POSTED,2024-04-03T05:52:01+00:00
64506745,1775401953947762982,POSTED,2024-04-03T05:56:25+00:00
64506745,1775402727272575009,POSTED,2024-04-03T05:59:30+00:00
64506745,1775464420396658761,POSTED,2024-04-03T10:04:39+00:00
64506745,1775458987711864979,POSTED,2024-04-03T09:43:03+00:00
64506745,1775444992808415592,POSTED,2024-04-03T08:47:27+00:00
64506745,1775458511230566602,POSTED,2024-04-03T09:41:10+00:00
64506745,1775446530473832544,POSTED,2024-04-03T08:53:33+00:00
64506745,1775446427189067943,POSTED,2024-04-03T08:53:09+00:00
64506745,1775437849287885153,POSTED,2024-04-03T08:19:03+00:00
64506745,1775437722590527523,POSTED,2024-04-03T08:18:33+00:00
64506745,1775411890455232587,POSTED,2024-04-03T06:35:54+00:00
64506745,1775270696089981417,POSTED,2024-04-02T21:14:51+00:00
64506745,1775251040062840970,POSTED,2024-04-02T19:56:45+00:00
64506745,1775250946374742166,POSTED,2024-04-02T19:56:22+00:00
64506745,1775250927533826216,POSTED,2024-04-02T19:56:18+00:00
64506745,1775205368488145313,POSTED,2024-04-02T16:55:16+00:00
64506745,1775177809486368877,POSTED,2024-04-02T15:05:45+00:00
64506745,1775176329714876542,POSTED,2024-04-02T14:59:52+00:00
470460837,1775463118283366593,POSTED,2024-04-03T09:59:28+00:00
470460837,1775408347933512073,POSTED,2024-04-03T06:21:50+00:00
1322188861724909568,1775533991963050056,POSTED,2024-04-03T14:41:06+00:00
222893593,1775598910750216401,POSTED,2024-04-03T18:59:04+00:00
64506745,1775795484386292034,POSTED,2024-04-04T08:00:10+00:00
64506745,1775590182294557105,POSTED,2024-04-03T18:24:22+00:00
64506745,1775589560308678953,POSTED,2024-04-03T18:21:54+00:00
40726251,1775521030343172481,POSTED,2024-04-03T13:49:35+00:00
40726251,1775455695296455004,POSTED,2024-04-03T09:29:58+00:00
1449828837177626628,1775617968866533667,POSTED,2024-04-03T20:14:47+00:00
1192783021965021184,1775812606940344397,POSTED,2024-04-04T09:08:13+00:00
1322188861724909568,1775569330140270618,POSTED,2024-04-03T17:01:31+00:00
1322188861724909568,1775569506615583218,POSTED,2024-04-03T17:02:13+00:00
1322188861724909568,1775573978259578911,POSTED,2024-04-03T17:19:59+00:00
1192783021965021184,1775909546768146597,POSTED,2024-04-04T15:33:25+00:00
64506745,1775914695880298785,POSTED,2024-04-04T15:53:53+00:00
64506745,1775902771079721281,POSTED,2024-04-04T15:06:29+00:00
64506745,1775902518511276147,POSTED,2024-04-04T15:05:29+00:00
470460837,1775928765857825060,POSTED,2024-04-04T16:49:47+00:00
222893593,1775962756329468143,POSTED,2024-04-04T19:04:51+00:00
2359526718,1775879321854333377,POSTED,2024-04-04T13:33:19+00:00
40726251,1775889685740654667,POSTED,2024-04-04T14:14:30+00:00
1450879699,1775961235256754659,POSTED,2024-04-04T18:58:48+00:00
40726251,1776527956715643184,POSTED,2024-04-06T08:30:45+00:00
64506745,1776552966926864571,POSTED,2024-04-06T10:10:08+00:00
64506745,1776286690081951778,POSTED,2024-04-05T16:32:03+00:00
40726251,1776645736207200567,POSTED,2024-04-06T16:18:46+00:00
2359526718,1776851669533257905,POSTED,2024-04-07T05:57:04+00:00
64506745,1776981437314429383,POSTED,2024-04-07T14:32:44+00:00
1450879699,1777013886333464799,POSTED,2024-04-07T16:41:40+00:00
40726251,1777107085936783688,POSTED,2024-04-07T22:52:00+00:00
3086239053,1777231746167083477,POSTED,2024-04-08T07:07:22+00:00
3086239053,1777194763508203667,POSTED,2024-04-08T04:40:24+00:00
716071032,1777732661722718619,POSTED,2024-04-09T16:17:49+00:00
716071032,1777736539692220684,POSTED,2024-04-09T16:33:14+00:00
716071032,1777630944733638886,POSTED,2024-04-09T09:33:38+00:00
64506745,1777665870002610576,POSTED,2024-04-09T11:52:25+00:00
64506745,1777740193212088738,POSTED,2024-04-09T16:47:45+00:00
64506745,1777739266342187231,POSTED,2024-04-09T16:44:04+00:00
64506745,1777653852587585559,POSTED,2024-04-09T11:04:40+00:00
470460837,1777593955183432160,POSTED,2024-04-09T07:06:39+00:00
1448555214714413061,1777734645158732179,POSTED,2024-04-09T16:25:42+00:00
487325531,1777749402892796230,POSTED,2024-04-09T17:24:21+00:00
1192783021965021184,1777690401295540320,POSTED,2024-04-09T13:29:54+00:00
1192783021965021184,1777603508197359653,POSTED,2024-04-09T07:44:37+00:00
2359526718,1777714732880773496,POSTED,2024-04-09T15:06:35+00:00
2359526718,1777714734495604980,POSTED,2024-04-09T15:06:35+00:00
2359526718,1777714738513740239,POSTED,2024-04-09T15:06:36+00:00
2359526718,1777714742737469795,POSTED,2024-04-09T15:06:37+00:00
2359526718,1777714746117992752,POSTED,2024-04-09T15:06:38+00:00
2359526718,1777714749179916390,POSTED,2024-04-09T15:06:39+00:00
2359526718,1777714752166252769,POSTED,2024-04-09T15:06:39+00:00
2359526718,1777714755181903992,POSTED,2024-04-09T15:06:40+00:00
2359526718,1777642494659862793,POSTED,2024-04-09T10:19:32+00:00
2359526718,1777642885275394460,POSTED,2024-04-09T10:21:05+00:00
2359526718,1777670399808995470,POSTED,2024-04-09T12:10:25+00:00
40726251,1777733478102053081,POSTED,2024-04-09T16:21:04+00:00
470460837,1778016227962572949,POSTED,2024-04-10T11:04:37+00:00
64506745,1778092755513696673,POSTED,2024-04-10T16:08:42+00:00
64506745,1778136128232526088,POSTED,2024-04-10T19:01:03+00:00
64506745,1778134639153999978,POSTED,2024-04-10T18:55:08+00:00
64506745,1778136325633245486,POSTED,2024-04-10T19:01:50+00:00
64506745,1778141412715794726,POSTED,2024-04-10T19:22:03+00:00
64506745,1778137711062163644,POSTED,2024-04-10T19:07:21+00:00
64506745,1778136805214187622,POSTED,2024-04-10T19:03:45+00:00
64506745,1778122558530855269,POSTED,2024-04-10T18:07:08+00:00
64506745,1778133960196858158,POSTED,2024-04-10T18:52:26+00:00
64506745,1778135111755497553,POSTED,2024-04-10T18:57:01+00:00
64506745,1778091687417434173,POSTED,2024-04-10T16:04:28+00:00
64506745,1778017124281204960,POSTED,2024-04-10T11:08:11+00:00
64506745,1778046249666568313,POSTED,2024-04-10T13:03:55+00:00
64506745,1778017591476273514,POSTED,2024-04-10T11:10:02+00:00
64506745,1778017415646818381,POSTED,2024-04-10T11:09:20+00:00
64506745,1778017343328616793,POSTED,2024-04-10T11:09:03+00:00
64506745,1777768515132363251,POSTED,2024-04-09T18:40:18+00:00
64506745,1778451543680802903,POSTED,2024-04-11T15:54:24+00:00
64506745,1778435957085081881,POSTED,2024-04-11T14:52:28+00:00
64506745,1778189853064384643,POSTED,2024-04-10T22:34:32+00:00
64506745,1778189530509746219,POSTED,2024-04-10T22:33:15+00:00
64506745,1778180311232238067,POSTED,2024-04-10T21:56:37+00:00
2359526718,1778385674640515565,POSTED,2024-04-11T11:32:40+00:00
2359526718,1778408551288836227,POSTED,2024-04-11T13:03:34+00:00
3086239053,1778698512168800662,POSTED,2024-04-12T08:15:46+00:00
1192783021965021184,1778524582875627853,POSTED,2024-04-11T20:44:38+00:00
1192783021965021184,1778395733181489401,POSTED,2024-04-11T12:12:38+00:00
1192783021965021184,1778396190645563480,POSTED,2024-04-11T12:14:27+00:00
1192783021965021184,1778396555319316848,POSTED,2024-04-11T12:15:54+00:00
1192783021965021184,1778397393190269047,POSTED,2024-04-11T12:19:14+00:00
1192783021965021184,1778398307707941165,POSTED,2024-04-11T12:22:52+00:00
1192783021965021184,1778398865768558792,POSTED,2024-04-11T12:25:05+00:00
40726251,1778793056734421070,POSTED,2024-04-12T14:31:27+00:00
1449828837177626628,1779033172899926254,POSTED,2024-04-13T06:25:35+00:00
2359526718,1779049747396903373,POSTED,2024-04-13T07:31:27+00:00
64506745,1779102610017923084,POSTED,2024-04-13T11:01:31+00:00
64506745,1778906217038954684,POSTED,2024-04-12T22:01:07+00:00
2359526718,1779387806126584148,POSTED,2024-04-14T05:54:47+00:00
3086239053,1779387311504990503,POSTED,2024-04-14T05:52:49+00:00
3086239053,1779392823764078927,POSTED,2024-04-14T06:14:43+00:00
3086239053,1779542410646687922,POSTED,2024-04-14T16:09:07+00:00
1450879699,1779451877223981317,POSTED,2024-04-14T10:09:22+00:00
470460837,1779837531783094706,POSTED,2024-04-15T11:41:50+00:00
1322188861724909568,1779921652400173462,POSTED,2024-04-15T17:16:05+00:00
64506745,1779914243044761877,POSTED,2024-04-15T16:46:39+00:00
64506745,1779842879860486543,POSTED,2024-04-15T12:03:05+00:00
2359526718,1779593291350036989,POSTED,2024-04-14T19:31:18+00:00
1448555214714413061,1780234071924207785,POSTED,2024-04-16T13:57:32+00:00
3086239053,1780298378783478248,POSTED,2024-04-16T18:13:04+00:00
3086239053,1780136491429052471,POSTED,2024-04-16T07:29:47+00:00
3086239053,1780127842916847914,POSTED,2024-04-16T06:55:25+00:00
3086239053,1780127845383119050,POSTED,2024-04-16T06:55:26+00:00
3086239053,1779880052160696656,POSTED,2024-04-15T14:30:47+00:00
40726251,1780183679559442629,POSTED,2024-04-16T10:37:18+00:00
40726251,1780183660160786799,POSTED,2024-04-16T10:37:13+00:00
470460837,1780280896697844068,POSTED,2024-04-16T17:03:36+00:00
470460837,1779964991631704370,POSTED,2024-04-15T20:08:18+00:00
1322188861724909568,1779943486218981588,POSTED,2024-04-15T18:42:51+00:00
1192783021965021184,1780123772172804282,POSTED,2024-04-16T06:39:15+00:00
64506745,1780165660342895026,POSTED,2024-04-16T09:25:41+00:00
64506745,1780291281253433465,POSTED,2024-04-16T17:44:52+00:00
64506745,1780170718149271612,POSTED,2024-04-16T09:45:47+00:00
64506745,1780170707621589177,POSTED,2024-04-16T09:45:45+00:00
64506745,1780170580479623534,POSTED,2024-04-16T09:45:15+00:00
64506745,1779963950320255354,POSTED,2024-04-15T20:04:10+00:00
1450879699,1780691828615815657,POSTED,2024-04-17T20:16:30+00:00
2359526718,1780581387654844703,POSTED,2024-04-17T12:57:39+00:00
470460837,1780623738133721259,POSTED,2024-04-17T15:45:56+00:00
470460837,1780621953532928169,POSTED,2024-04-17T15:38:50+00:00
470460837,1780582239736082886,POSTED,2024-04-17T13:01:02+00:00
1192783021965021184,1780577494459916648,POSTED,2024-04-17T12:42:10+00:00
1450879699,1780593940355535218,POSTED,2024-04-17T13:47:31+00:00
1192783021965021184,1780606142814535804,POSTED,2024-04-17T14:36:01+00:00
64506745,1780580206320685324,POSTED,2024-04-17T12:52:57+00:00
64506745,1780516644806115679,POSTED,2024-04-17T08:40:23+00:00
1192783021965021184,1780653058134851851,POSTED,2024-04-17T17:42:26+00:00
1192783021965021184,1780603081170026842,POSTED,2024-04-17T14:23:51+00:00
1192783021965021184,1780618404170543569,POSTED,2024-04-17T15:24:44+00:00
1192783021965021184,1780604474341442018,POSTED,2024-04-17T14:29:23+00:00
1192783021965021184,1780587887961989259,POSTED,2024-04-17T13:23:28+00:00
144519396,1780620609493299215,POSTED,2024-04-17T15:33:30+00:00
1322188861724909568,1780526052843889042,POSTED,2024-04-17T09:17:46+00:00
1322188861724909568,1780892189309944153,POSTED,2024-04-18T09:32:39+00:00
1322188861724909568,1780883417476845653,POSTED,2024-04-18T08:57:48+00:00
1322188861724909568,1780847516054954201,POSTED,2024-04-18T06:35:09+00:00
1322188861724909568,1780859750420201674,POSTED,2024-04-18T07:23:45+00:00
1322188861724909568,1780707325415956919,POSTED,2024-04-17T21:18:04+00:00
1322188861724909568,1780555411680112912,POSTED,2024-04-17T11:14:25+00:00
1322188861724909568,1780527766204559362,POSTED,2024-04-17T09:24:34+00:00
1322188861724909568,1780542897714004443,POSTED,2024-04-17T10:24:42+00:00
1322188861724909568,1780546708813873418,POSTED,2024-04-17T10:39:50+00:00
1322188861724909568,1780542475582468347,POSTED,2024-04-17T10:23:01+00:00
1322188861724909568,1780508949457870850,POSTED,2024-04-17T08:09:48+00:00
1322188861724909568,1780503850966802649,POSTED,2024-04-17T07:49:32+00:00
1322188861724909568,1780999883232571407,POSTED,2024-04-18T16:40:36+00:00
1322188861724909568,1780961383300960719,POSTED,2024-04-18T14:07:37+00:00
1322188861724909568,1780946656587899183,POSTED,2024-04-18T13:09:05+00:00
64506745,1780949580508487832,POSTED,2024-04-18T13:20:43+00:00
470460837,1780998536361873768,POSTED,2024-04-18T16:35:15+00:00
1192783021965021184,1781078832658743726,POSTED,2024-04-18T21:54:19+00:00
2359526718,1781045128355778644,POSTED,2024-04-18T19:40:23+00:00
2359526718,1781037014118260994,POSTED,2024-04-18T19:08:08+00:00
2359526718,1781036860740874454,POSTED,2024-04-18T19:07:32+00:00
1448555214714413061,1780975304317538543,POSTED,2024-04-18T15:02:56+00:00
487325531,1781108360844132461,POSTED,2024-04-18T23:51:39+00:00
487325531,1781104826606121314,POSTED,2024-04-18T23:37:36+00:00
1192783021965021184,1781417056828563759,POSTED,2024-04-19T20:18:18+00:00
1192783021965021184,1781415799376207889,POSTED,2024-04-19T20:13:18+00:00
716071032,1781321931779629364,POSTED,2024-04-19T14:00:18+00:00
3086239053,1781301418080575910,POSTED,2024-04-19T12:38:47+00:00
64506745,1781417807013359627,POSTED,2024-04-19T20:21:16+00:00
64506745,1781368915609731476,POSTED,2024-04-19T17:07:00+00:00
64506745,1781275531947708445,POSTED,2024-04-19T10:55:55+00:00
64506745,1781335419029782917,POSTED,2024-04-19T14:53:54+00:00
64506745,1781368831568408823,POSTED,2024-04-19T17:06:40+00:00
64506745,1781368153370497397,POSTED,2024-04-19T17:03:58+00:00
64506745,1781368120315097593,POSTED,2024-04-19T17:03:50+00:00
64506745,1781368091307344229,POSTED,2024-04-19T17:03:43+00:00
40726251,1781369881327177851,POSTED,2024-04-19T17:10:50+00:00
1322188861724909568,1781318170302718393,POSTED,2024-04-19T13:45:21+00:00
1322188861724909568,1781290412025475244,POSTED,2024-04-19T11:55:03+00:00
1322188861724909568,1781290899303006539,POSTED,2024-04-19T11:56:59+00:00
1322188861724909568,1781258358093123782,POSTED,2024-04-19T09:47:41+00:00
1322188861724909568,1781222678793175241,POSTED,2024-04-19T07:25:54+00:00
40726251,1782662567074332895,POSTED,2024-04-23T06:47:30+00:00
40726251,1782433251996389831,POSTED,2024-04-22T15:36:17+00:00
487325531,1782397357776138502,POSTED,2024-04-22T13:13:40+00:00
1085994108,1782297262564991190,POSTED,2024-04-22T06:35:55+00:00
2359526718,1782655045235827153,POSTED,2024-04-23T06:17:37+00:00
2359526718,1782662651027341327,POSTED,2024-04-23T06:47:50+00:00
2359526718,1782114326519636096,POSTED,2024-04-21T18:29:00+00:00
1322188861724909568,1782763666363859372,POSTED,2024-04-23T13:29:14+00:00
1322188861724909568,1782745425268687064,POSTED,2024-04-23T12:16:45+00:00
1322188861724909568,1782289219383165371,POSTED,2024-04-22T06:03:57+00:00
1322188861724909568,1782011481480913328,POSTED,2024-04-21T11:40:20+00:00
1322188861724909568,1782004291806298511,POSTED,2024-04-21T11:11:45+00:00
1322188861724909568,1782005303623442520,POSTED,2024-04-21T11:15:47+00:00
1322188861724909568,1782008266039394612,POSTED,2024-04-21T11:27:33+00:00
1322188861724909568,1782010045867106802,POSTED,2024-04-21T11:34:37+00:00
1322188861724909568,1782008690586898546,POSTED,2024-04-21T11:29:14+00:00
3086239053,1782712325155455222,POSTED,2024-04-23T10:05:14+00:00
3086239053,1782648889754923453,POSTED,2024-04-23T05:53:09+00:00
3086239053,1782508537068814727,POSTED,2024-04-22T20:35:27+00:00
3086239053,1782497028410376357,POSTED,2024-04-22T19:49:43+00:00
64506745,1782758065898393851,POSTED,2024-04-23T13:06:59+00:00
64506745,1782434675744551337,POSTED,2024-04-22T15:41:57+00:00
64506745,1782738881793688004,POSTED,2024-04-23T11:50:45+00:00
64506745,1782757019646070982,POSTED,2024-04-23T13:02:50+00:00
64506745,1782739562470457717,POSTED,2024-04-23T11:53:28+00:00
64506745,1782739367338897890,POSTED,2024-04-23T11:52:41+00:00
64506745,1782738658866479204,POSTED,2024-04-23T11:49:52+00:00
64506745,1782476846669431034,POSTED,2024-04-22T18:29:31+00:00
64506745,1782440194936897641,POSTED,2024-04-22T16:03:53+00:00
64506745,1782448110918127617,POSTED,2024-04-22T16:35:20+00:00
716071032,1782467903121502424,POSTED,2024-04-22T17:53:59+00:00
1365173000,1783501257069449588,POSTED,2024-04-25T14:20:10+00:00
2359526718,1783480169371423094,POSTED,2024-04-25T12:56:22+00:00
2359526718,1783491126793478651,POSTED,2024-04-25T13:39:54+00:00
64506745,1783503340350902471,POSTED,2024-04-25T14:28:26+00:00
64506745,1783499805341229468,POSTED,2024-04-25T14:14:24+00:00
64506745,1783165596231729395,POSTED,2024-04-24T16:06:22+00:00
64506745,1783098464215171350,POSTED,2024-04-24T11:39:36+00:00
1192783021965021184,1783499894344311248,POSTED,2024-04-25T14:14:45+00:00
1192783021965021184,1783539019176960077,POSTED,2024-04-25T16:50:13+00:00
470460837,1783542226401816655,POSTED,2024-04-25T17:02:58+00:00
470460837,1782786351374496075,POSTED,2024-04-23T14:59:23+00:00
1192783021965021184,1783500361266794807,POSTED,2024-04-25T14:16:36+00:00
1192783021965021184,1783500646408237161,POSTED,2024-04-25T14:17:44+00:00
1192783021965021184,1783500838037557747,POSTED,2024-04-25T14:18:30+00:00
1192783021965021184,1783501064345411916,POSTED,2024-04-25T14:19:24+00:00
1192783021965021184,1783538179670188289,POSTED,2024-04-25T16:46:53+00:00
1192783021965021184,1783537455855014229,POSTED,2024-04-25T16:44:00+00:00
1192783021965021184,1783536103720444113,POSTED,2024-04-25T16:38:38+00:00
1192783021965021184,1783536543228957012,POSTED,2024-04-25T16:40:23+00:00
1322188861724909568,1783399330558181742,POSTED,2024-04-25T07:35:09+00:00
1322188861724909568,1783397181757513771,POSTED,2024-04-25T07:26:36+00:00
1322188861724909568,1783394408550764975,POSTED,2024-04-25T07:15:35+00:00
1322188861724909568,1783183079252570236,POSTED,2024-04-24T17:15:50+00:00
1322188861724909568,1783182924386381989,POSTED,2024-04-24T17:15:13+00:00
1322188861724909568,1783043827252469936,POSTED,2024-04-24T08:02:30+00:00
1322188861724909568,1782813192508346443,POSTED,2024-04-23T16:46:02+00:00
1322188861724909568,1782808596675223552,POSTED,2024-04-23T16:27:47+00:00
724518816584183808,1783505158074196365,POSTED,2024-04-25T14:35:40+00:00
3086239053,1783430687753650332,POSTED,2024-04-25T09:39:45+00:00
3086239053,1783392484166418630,POSTED,2024-04-25T07:07:56+00:00
1450879699,1783028445187801456,POSTED,2024-04-24T07:01:23+00:00
1448555214714413061,1783503802546499661,POSTED,2024-04-25T14:30:17+00:00
1448555214714413061,1783503772401987838,POSTED,2024-04-25T14:30:09+00:00
1448555214714413061,1783503721181131062,POSTED,2024-04-25T14:29:57+00:00
1448555214714413061,1783502515570422119,POSTED,2024-04-25T14:25:10+00:00
40726251,1783501614965256500,POSTED,2024-04-25T14:21:35+00:00
1322188861724909568,1783618391607025979,POSTED,2024-04-25T22:05:37+00:00
1322188861724909568,1783820880495227342,POSTED,2024-04-26T11:30:14+00:00
1322188861724909568,1783793212731101203,POSTED,2024-04-26T09:40:17+00:00
1322188861724909568,1783820109829603357,POSTED,2024-04-26T11:27:10+00:00
1322188861724909568,1783753089075343655,POSTED,2024-04-26T07:00:51+00:00
724518816584183808,1783764184544497831,POSTED,2024-04-26T07:44:56+00:00
716071032,1783670985272504763,POSTED,2024-04-26T01:34:36+00:00
40726251,1783761510545645993,POSTED,2024-04-26T07:34:19+00:00
1192783021965021184,1783576898133463501,POSTED,2024-04-25T19:20:44+00:00
1365173000,1783511074714550702,POSTED,2024-04-25T14:59:10+00:00
1448555214714413061,1783740428908437826,POSTED,2024-04-26T06:10:33+00:00
3086239053,1783886091818250403,POSTED,2024-04-26T15:49:21+00:00
64506745,1783901589473743096,POSTED,2024-04-26T16:50:56+00:00
64506745,1783825464240574592,POSTED,2024-04-26T11:48:27+00:00
64506745,1783822769894940852,POSTED,2024-04-26T11:37:44+00:00
64506745,1783821977767105013,POSTED,2024-04-26T11:34:35+00:00
64506745,1783538933411786814,POSTED,2024-04-25T16:49:52+00:00
222893593,1783921059659477419,POSTED,2024-04-26T18:08:18+00:00
1192783021965021184,1784132138650005550,POSTED,2024-04-27T08:07:04+00:00
1376532429821841411,1783881417702707534,POSTED,2024-04-26T15:30:47+00:00
1376532429821841411,1783881420454187409,POSTED,2024-04-26T15:30:48+00:00
222893593,1783926878832611393,POSTED,2024-04-26T18:31:26+00:00
1322188861724909568,1784150458694611106,POSTED,2024-04-27T09:19:51+00:00
40726251,1783958059124994495,POSTED,2024-04-26T20:35:20+00:00
40726251,1784194035655069826,POSTED,2024-04-27T12:13:01+00:00
40726251,1783941792154431784,POSTED,2024-04-26T19:30:41+00:00
3086239053,1784138478843830747,POSTED,2024-04-27T08:32:15+00:00
144519396,1783948421977534687,POSTED,2024-04-26T19:57:02+00:00
144519396,1783922186232737991,POSTED,2024-04-26T18:12:47+00:00
144519396,1783849241095356857,POSTED,2024-04-26T13:22:56+00:00
222893593,1783921890672685353,POSTED,2024-04-26T18:11:37+00:00
222893593,1783922567268413460,POSTED,2024-04-26T18:14:18+00:00
222893593,1783923010283463006,POSTED,2024-04-26T18:16:03+00:00
222893593,1783925037692547114,POSTED,2024-04-26T18:24:07+00:00
1376532429821841411,1784246425502593481,POSTED,2024-04-27T15:41:12+00:00
222893593,1784537849565421705,POSTED,2024-04-28T10:59:13+00:00
3086239053,1784848508442337493,POSTED,2024-04-29T07:33:39+00:00
3086239053,1784836912479412373,POSTED,2024-04-29T06:47:35+00:00
3086239053,1784832873083588858,POSTED,2024-04-29T06:31:32+00:00
3086239053,1784832875814068528,POSTED,2024-04-29T06:31:32+00:00
3086239053,1784804523745157131,POSTED,2024-04-29T04:38:53+00:00
3086239053,1784804379951796639,POSTED,2024-04-29T04:38:18+00:00
64506745,1784874206699696258,POSTED,2024-04-29T09:15:46+00:00
64506745,1784887507991065049,POSTED,2024-04-29T10:08:38+00:00
64506745,1784886953097261556,POSTED,2024-04-29T10:06:25+00:00
64506745,1784903106842558749,POSTED,2024-04-29T11:10:37+00:00
64506745,1784887639193030959,POSTED,2024-04-29T10:09:09+00:00
64506745,1784874577702625474,POSTED,2024-04-29T09:17:15+00:00
222893593,1784953551699030281,POSTED,2024-04-29T14:31:04+00:00
3086239053,1785000410152886305,POSTED,2024-04-29T17:37:16+00:00
1450879699,1784910751083188275,POSTED,2024-04-29T11:40:59+00:00
1085994108,1785257883157905433,POSTED,2024-04-30T10:40:22+00:00
2359526718,1785202518236037120,POSTED,2024-04-30T07:00:22+00:00
64506745,1785273116941332811,POSTED,2024-04-30T11:40:54+00:00
64506745,1785253506527482359,POSTED,2024-04-30T10:22:59+00:00
64506745,1785234989925204448,POSTED,2024-04-30T09:09:24+00:00
64506745,1785234531831730635,POSTED,2024-04-30T09:07:35+00:00
64506745,1785068382749892689,POSTED,2024-04-29T22:07:22+00:00
1192783021965021184,1785260952000090594,POSTED,2024-04-30T10:52:34+00:00
1322188861724909568,1785249405357953266,POSTED,2024-04-30T10:06:41+00:00
1450879699,1785650855414267918,POSTED,2024-05-01T12:41:54+00:00
1450879699,1785288840191598933,POSTED,2024-04-30T12:43:23+00:00
1322188861724909568,1785641786481734086,POSTED,2024-05-01T12:05:52+00:00
1322188861724909568,1785631439293141259,POSTED,2024-05-01T11:24:45+00:00
3086239053,1785305606493987082,POSTED,2024-04-30T13:50:00+00:00
1450879699,1785728415997264092,POSTED,2024-05-01T17:50:06+00:00
1192783021965021184,1786057609881219218,POSTED,2024-05-02T15:38:12+00:00
40726251,1786040480418889926,POSTED,2024-05-02T14:30:08+00:00
40726251,1785788158585553076,POSTED,2024-05-01T21:47:30+00:00
1376532429821841411,1786044002778669241,POSTED,2024-05-02T14:44:08+00:00
1448555214714413061,1786040430460559813,POSTED,2024-05-02T14:29:56+00:00
1365173000,1786043219110682788,POSTED,2024-05-02T14:41:01+00:00
64506745,1785770972747903232,POSTED,2024-05-01T20:39:12+00:00
470460837,1785756841307156845,POSTED,2024-05-01T19:43:03+00:00